code,name,市值排名,总市值_亿元,流通市值_亿元,市盈率-动态,市净率,行业,样本标识,更新时间
601138,工业富联,1,12157.96604391,12157.17905774,50.18,8.02,未分类,扩展500只,2025-09-12 10:45:33
688981,中芯国际,2,8753.22655609,2179.04276947,190.22,5.8,未分类,扩展500只,2025-09-12 10:45:33
000333,美的集团,3,5884.65758573,5308.08850174,11.31,2.72,未分类,扩展500只,2025-09-12 10:45:33
601601,中国太保,4,3650.91958217,2597.69323217,6.55,1.3,未分类,扩展500只,2025-09-12 10:45:33
002415,海康威视,5,2842.02666766,2805.29905998,25.12,3.62,未分类,扩展500只,2025-09-12 10:45:33
000651,格力电器,6,2315.62113333,2279.96530726,8.03,1.86,未分类,扩展500只,2025-09-12 10:45:33
601766,中国中车,7,2215.55230759,1878.10600931,15.29,1.3,未分类,扩展500只,2025-09-12 10:45:33
302132,中航成飞,8,2215.1637507,485.85161467,121.34,11.87,未分类,扩展500只,2025-09-12 10:45:33
300033,同花顺,9,1990.14144,1019.8941103,198.28,29.03,未分类,扩展500只,2025-09-12 10:45:33
601881,中国银河,10,1894.93191096,1255.28427407,14.6,1.66,未分类,扩展500只,2025-09-12 10:45:33
600031,三一重工,11,1814.36690692,1814.36690692,17.39,2.47,未分类,扩展500只,2025-09-12 10:45:33
605499,东鹏饮料,12,1552.6548154,1552.6548154,32.69,20.88,未分类,扩展500只,2025-09-12 10:45:33
300014,亿纬锂能,13,1489.48982197,1355.31056575,46.4,3.87,未分类,扩展500只,2025-09-12 10:45:33
601888,中国中免,14,1478.40667284,1395.23902374,28.43,2.68,未分类,扩展500只,2025-09-12 10:45:33
601800,中国交建,15,1468.33075054,1062.4150377,7.67,0.5,未分类,扩展500只,2025-09-12 10:45:33
000617,中油资本,16,1433.61176756,1433.61176756,27.61,1.39,未分类,扩展500只,2025-09-12 10:45:33
601390,中国中铁,17,1390.44470125,1150.68701628,5.88,0.45,未分类,扩展500只,2025-09-12 10:45:33
000166,申万宏源,18,1342.14102842,1207.90319214,15.66,1.24,未分类,扩展500只,2025-09-12 10:45:33
688775,影石创新,19,1272.4532,96.78757875,122.41,23.36,未分类,扩展500只,2025-09-12 10:45:33
600989,宝丰能源,20,1266.471272,1266.471272,11.08,2.83,未分类,扩展500只,2025-09-12 10:45:33
600905,三峡能源,21,1229.26895611,1229.26895611,16.11,1.39,未分类,扩展500只,2025-09-12 10:45:33
002230,科大讯飞,22,1201.15546509,1137.45402232,-251.36,6.72,未分类,扩展500只,2025-09-12 10:45:33
600886,国投电力,23,1131.83548865,1054.0210233,14.91,1.78,未分类,扩展500只,2025-09-12 10:45:33
600415,小商品城,24,1080.82661201,1080.67180967,31.96,5.3,未分类,扩展500只,2025-09-12 10:45:33
688521,芯原股份,25,965.20956923,919.56579955,-150.89,26.79,未分类,扩展500只,2025-09-12 10:45:33
000895,双汇发展,26,895.61492356,895.49884517,19.28,4.3,未分类,扩展500只,2025-09-12 10:45:33
001979,招商蛇口,27,857.15510234,800.16634658,29.59,0.87,未分类,扩展500只,2025-09-12 10:45:33
688729,屹唐股份,28,823.714572,55.68082976,118.42,9.53,未分类,扩展500只,2025-09-12 10:45:33
000002,万  科Ａ,29,823.2189535,670.4315744,-3.45,0.43,未分类,扩展500只,2025-09-12 10:45:33
600703,三安光电,30,752.8429259,752.8429259,213.28,2.12,未分类,扩展500只,2025-09-12 10:45:33
600673,东阳光,31,718.07983708,716.17172138,58.61,7.6,未分类,扩展500只,2025-09-12 10:45:33
002466,天齐锂业,32,716.55734314,644.3542038,424.45,1.71,未分类,扩展500只,2025-09-12 10:45:33
000807,云铝股份,33,716.47999987,716.47248914,12.94,2.34,未分类,扩展500只,2025-09-12 10:45:33
601872,招商轮船,34,685.52831882,685.52831882,16.13,1.69,未分类,扩展500只,2025-09-12 10:45:33
601607,上海医药,35,676.77603014,509.03036966,7.59,0.9,未分类,扩展500只,2025-09-12 10:45:33
002648,卫星化学,36,672.38167972,671.94990401,12.25,2.16,未分类,扩展500只,2025-09-12 10:45:33
688303,大全能源,37,643.99075834,643.99075834,-28.08,1.65,未分类,扩展500只,2025-09-12 10:45:33
688126,沪硅产业,38,582.67628115,579.38480115,-79.48,4.97,未分类,扩展500只,2025-09-12 10:45:33
300251,光线传媒,39,565.012984,535.67901211,12.67,5.45,未分类,扩展500只,2025-09-12 10:45:33
600426,华鲁恒升,40,563.07794347,562.00562186,17.95,1.76,未分类,扩展500只,2025-09-12 10:45:33
002202,金风科技,41,529.40097617,420.42124253,17.79,1.42,未分类,扩展500只,2025-09-12 10:45:33
300207,欣旺达,42,516.27203498,478.93796119,30.16,2.12,未分类,扩展500只,2025-09-12 10:45:33
000564,供销大集,43,503.81996758,410.54897664,4730.61,3.27,未分类,扩展500只,2025-09-12 10:45:33
601058,赛轮轮胎,44,497.48956919,497.48956919,13.59,2.42,未分类,扩展500只,2025-09-12 10:45:33
000999,华润三九,45,492.78571688,492.32369429,13.57,2.31,未分类,扩展500只,2025-09-12 10:45:33
600733,北汽蓝谷,46,491.02562919,430.37703874,-10.64,15.33,未分类,扩展500只,2025-09-12 10:45:33
002414,高德红外,47,489.85343159,389.82084584,135.37,7.51,未分类,扩展500只,2025-09-12 10:45:33
688180,君实生物,48,488.29370265,364.49706773,-59.16,7.66,未分类,扩展500只,2025-09-12 10:45:33
002555,三七互娱,49,485.58617098,350.97332081,17.34,3.74,未分类,扩展500只,2025-09-12 10:45:33
300316,晶盛机电,50,479.81318322,451.24191065,37.54,2.8,未分类,扩展500只,2025-09-12 10:45:33
002252,上海莱士,51,454.70196133,454.46253842,22.08,1.4,未分类,扩展500只,2025-09-12 10:45:33
601598,中国外运,52,452.33070783,326.91802963,11.62,1.13,未分类,扩展500只,2025-09-12 10:45:33
002601,龙佰集团,53,440.74836438,367.14957106,15.91,1.9,未分类,扩展500只,2025-09-12 10:45:33
603087,甘李药业,54,438.58354745,409.46819772,36.33,4.0,未分类,扩展500只,2025-09-12 10:45:33
601865,福莱特,55,436.25173416,353.97088516,83.54,2.04,未分类,扩展500只,2025-09-12 10:45:33
000786,北新建材,56,435.12988852,418.38510375,11.28,1.65,未分类,扩展500只,2025-09-12 10:45:33
603129,春风动力,57,430.87932031,430.87932031,21.5,6.36,未分类,扩展500只,2025-09-12 10:45:33
002078,太阳纸业,58,422.8131635,420.21989194,11.88,1.39,未分类,扩展500只,2025-09-12 10:45:33
002032,苏 泊 尔,59,408.85373578,408.34756023,21.75,7.99,未分类,扩展500只,2025-09-12 10:45:33
600392,盛和资源,60,400.52087125,400.52087125,53.13,3.83,未分类,扩展500只,2025-09-12 10:45:33
600208,衢州发展,61,397.36753536,397.32249494,76.47,0.96,未分类,扩展500只,2025-09-12 10:45:33
002008,大族激光,62,396.7061931,368.62576529,40.63,2.45,未分类,扩展500只,2025-09-12 10:45:33
600871,石化油服,63,396.20225791,283.13255814,40.24,4.26,未分类,扩展500只,2025-09-12 10:45:33
000983,山西焦煤,64,391.71997307,320.1747335,19.32,1.07,未分类,扩展500只,2025-09-12 10:45:33
835185,贝特瑞,65,381.26593109,375.12230759,39.83,3.13,未分类,扩展500只,2025-09-12 10:45:33
002155,湖南黄金,66,368.78571058,368.75242065,28.12,5.06,未分类,扩展500只,2025-09-12 10:45:33
300373,扬杰科技,67,368.33546481,367.52203429,30.63,4.15,未分类,扩展500只,2025-09-12 10:45:33
688585,上纬新材,68,363.95328717,363.95328717,608.61,27.63,未分类,扩展500只,2025-09-12 10:45:33
002773,康弘药业,69,362.07913492,269.9257734,24.81,4.09,未分类,扩展500只,2025-09-12 10:45:33
002402,和而泰,70,353.3684815,307.90833957,49.95,7.04,未分类,扩展500只,2025-09-12 10:45:33
601233,桐昆股份,71,350.37641293,349.08235215,15.98,0.93,未分类,扩展500只,2025-09-12 10:45:33
688568,中科星图,72,347.55474005,347.55474005,222.5,9.15,未分类,扩展500只,2025-09-12 10:45:33
002465,海格通信,73,347.45675272,346.90419526,6911.09,2.79,未分类,扩展500只,2025-09-12 10:45:33
601799,星宇股份,74,347.30046968,347.30046968,24.58,3.27,未分类,扩展500只,2025-09-12 10:45:33
002152,广电运通,75,345.93523769,345.76122622,37.12,2.75,未分类,扩展500只,2025-09-12 10:45:33
601155,新城控股,76,345.11029697,345.11029697,19.28,0.56,未分类,扩展500只,2025-09-12 10:45:33
688313,仕佳光子,77,344.00998553,344.00998553,79.39,24.73,未分类,扩展500只,2025-09-12 10:45:33
688002,睿创微纳,78,343.10719939,343.10719939,48.87,6.11,未分类,扩展500只,2025-09-12 10:45:33
688336,三生国健,79,340.71247205,340.71247205,89.51,5.98,未分类,扩展500只,2025-09-12 10:45:33
000878,云南铜业,80,338.41282156,338.4068876,12.85,2.2,未分类,扩展500只,2025-09-12 10:45:33
000021,深科技,81,335.08460746,335.03087417,37.08,2.72,未分类,扩展500只,2025-09-12 10:45:33
601179,中国西电,82,332.15717641,332.15717641,27.76,1.47,未分类,扩展500只,2025-09-12 10:45:33
600862,中航高科,83,332.10290711,332.10290711,27.45,4.52,未分类,扩展500只,2025-09-12 10:45:33
601519,大智慧,84,328.410316,328.410316,-4731.96,23.72,未分类,扩展500只,2025-09-12 10:45:33
688498,源杰科技,85,324.87380951,227.35822945,351.11,15.27,未分类,扩展500只,2025-09-12 10:45:33
688343,云天励飞,86,324.37930064,238.50251888,-78.76,8.2,未分类,扩展500只,2025-09-12 10:45:33
688411,海博思创,87,316.98079517,66.7668484,50.18,7.77,未分类,扩展500只,2025-09-12 10:45:33
600884,杉杉股份,88,311.31874024,243.20153049,75.09,1.42,未分类,扩展500只,2025-09-12 10:45:33
600486,扬农化工,89,306.68425575,305.61741675,19.03,2.76,未分类,扩展500只,2025-09-12 10:45:33
002608,江苏国信,90,301.49076038,301.49076038,7.43,0.9,未分类,扩展500只,2025-09-12 10:45:33
600038,中直股份,91,299.17903342,244.09446214,52.99,1.74,未分类,扩展500只,2025-09-12 10:45:33
601615,明阳智能,92,293.47737442,293.47737442,24.06,1.12,未分类,扩展500只,2025-09-12 10:45:33
600602,云赛智联,93,291.99828264,229.36368837,153.66,6.04,未分类,扩展500只,2025-09-12 10:45:33
001696,宗申动力,94,290.03531884,225.79117039,28.68,5.54,未分类,扩展500只,2025-09-12 10:45:33
603596,伯特利,95,288.33524383,288.33524383,27.6,4.15,未分类,扩展500只,2025-09-12 10:45:33
688363,华熙生物,96,283.99749148,283.99749148,64.3,4.04,未分类,扩展500只,2025-09-12 10:45:33
002409,雅克科技,97,283.03419011,189.42547764,27.07,3.63,未分类,扩展500只,2025-09-12 10:45:33
000629,钒钛股份,98,275.13111333,274.99201343,-69.02,2.23,未分类,扩展500只,2025-09-12 10:45:33
301526,国际复材,99,272.25739507,101.39716904,58.86,3.32,未分类,扩展500只,2025-09-12 10:45:33
000733,振华科技,100,266.88799797,266.85202245,42.77,1.78,未分类,扩展500只,2025-09-12 10:45:33
000519,中兵红箭,101,259.29448245,259.29448245,-318.43,2.53,未分类,扩展500只,2025-09-12 10:45:33
300682,朗新集团,102,255.5865197,244.66084417,446.24,3.84,未分类,扩展500只,2025-09-12 10:45:33
000898,鞍钢股份,103,252.96897397,214.84834667,-11.06,0.54,未分类,扩展500只,2025-09-12 10:45:33
688676,金盘科技,104,252.37769656,252.37769656,47.63,5.62,未分类,扩展500只,2025-09-12 10:45:33
600348,华阳股份,105,250.72125,250.72125,16.02,0.92,未分类,扩展500只,2025-09-12 10:45:33
600754,锦江酒店,106,249.45577449,212.00432566,33.65,1.61,未分类,扩展500只,2025-09-12 10:45:33
603816,顾家家居,107,249.14624571,246.33001786,12.21,2.54,未分类,扩展500只,2025-09-12 10:45:33
301316,慧博云通,108,247.0056,148.46412393,2186.79,24.49,未分类,扩展500只,2025-09-12 10:45:33
601333,广深铁路,109,246.5070876,196.6978476,11.11,0.88,未分类,扩展500只,2025-09-12 10:45:33
601156,东航物流,110,243.53102229,144.90095829,9.45,1.33,未分类,扩展500只,2025-09-12 10:45:33
688563,航材股份,111,240.12,62.42532666,42.85,2.29,未分类,扩展500只,2025-09-12 10:45:33
600970,中材国际,112,238.91620172,203.79304393,8.41,1.11,未分类,扩展500只,2025-09-12 10:45:33
600380,健康元,113,236.18243213,236.18243213,15.04,1.61,未分类,扩展500只,2025-09-12 10:45:33
600619,海立股份,114,236.13576932,173.61845556,353.98,3.86,未分类,扩展500只,2025-09-12 10:45:33
301275,汉朔科技,115,229.23648,18.3389184,51.66,5.88,未分类,扩展500只,2025-09-12 10:45:33
603337,杰克科技,116,229.06624151,226.47569111,23.99,4.89,未分类,扩展500只,2025-09-12 10:45:33
002249,大洋电机,117,226.65675993,169.8089806,18.83,2.38,未分类,扩展500只,2025-09-12 10:45:33
002318,久立特材,118,222.9903583,217.92135353,13.47,2.88,未分类,扩展500只,2025-09-12 10:45:33
002747,埃斯顿,119,221.41289075,198.88738989,1656.72,11.07,未分类,扩展500只,2025-09-12 10:45:33
301678,新恒汇,120,220.39102964,41.87175116,123.88,11.07,未分类,扩展500只,2025-09-12 10:45:33
600410,华胜天成,121,218.31209139,218.31209139,78.09,4.81,未分类,扩展500只,2025-09-12 10:45:33
002518,科士达,122,217.46107261,211.07994463,42.58,4.87,未分类,扩展500只,2025-09-12 10:45:33
600007,中国国贸,123,216.3642883,216.3642883,17.11,2.36,未分类,扩展500只,2025-09-12 10:45:33
603341,龙旗科技,124,213.94410776,121.33980837,30.08,3.84,未分类,扩展500只,2025-09-12 10:45:33
600131,国网信通,125,212.95108437,212.27316395,40.05,3.46,未分类,扩展500只,2025-09-12 10:45:33
301061,匠心家居,126,212.12049292,140.85787958,24.56,5.42,未分类,扩展500只,2025-09-12 10:45:33
000723,美锦能源,127,209.60545493,209.26124172,-15.55,1.57,未分类,扩展500只,2025-09-12 10:45:33
603688,石英股份,128,208.87114824,208.87114824,97.75,3.62,未分类,扩展500只,2025-09-12 10:45:33
603171,税友股份,129,207.642295,207.40979,146.2,8.36,未分类,扩展500只,2025-09-12 10:45:33
002044,美年健康,130,206.28118174,204.17179594,-46.59,2.7,未分类,扩展500只,2025-09-12 10:45:33
002984,森麒麟,131,206.11940569,141.97314849,15.34,1.52,未分类,扩展500只,2025-09-12 10:45:33
603589,口子窖,132,206.0521581,206.0521581,14.41,1.97,未分类,扩展500只,2025-09-12 10:45:33
300409,道氏技术,133,205.96614932,181.01602274,44.7,2.62,未分类,扩展500只,2025-09-12 10:45:33
002407,多氟多,134,202.61162324,183.90975059,197.36,2.46,未分类,扩展500只,2025-09-12 10:45:33
688484,南芯科技,135,201.01691457,138.45633313,81.94,5.03,未分类,扩展500只,2025-09-12 10:45:33
002015,协鑫能科,136,197.55860552,197.55860552,19.02,1.63,未分类,扩展500只,2025-09-12 10:45:33
002815,崇达技术,137,195.47317929,121.84833277,44.11,2.3,未分类,扩展500只,2025-09-12 10:45:33
600933,爱柯迪,138,194.36450687,192.83503727,16.96,2.29,未分类,扩展500只,2025-09-12 10:45:33
002439,启明星辰,139,193.09719268,115.619664,-103.43,1.71,未分类,扩展500只,2025-09-12 10:45:33
600546,山煤国际,140,192.49649119,192.49649119,14.69,1.21,未分类,扩展500只,2025-09-12 10:45:33
600675,中华企业,141,191.66248999,191.66248999,18.39,1.29,未分类,扩展500只,2025-09-12 10:45:33
000537,中绿电,142,190.54073685,190.54073685,15.41,0.96,未分类,扩展500只,2025-09-12 10:45:33
688409,富创精密,143,190.15688879,110.04960027,774.48,4.17,未分类,扩展500只,2025-09-12 10:45:33
600072,中船科技,144,189.06847686,135.95883316,-16.46,1.82,未分类,扩展500只,2025-09-12 10:45:33
600383,金地集团,145,188.25813495,188.25813495,-2.54,0.34,未分类,扩展500只,2025-09-12 10:45:33
001203,大中矿业,146,187.59807041,160.78014208,23.13,2.98,未分类,扩展500只,2025-09-12 10:45:33
002432,九安医疗,147,186.50573962,169.06054625,10.13,0.86,未分类,扩展500只,2025-09-12 10:45:33
601965,中国汽研,148,185.06362665,183.39236661,22.65,2.56,未分类,扩展500只,2025-09-12 10:45:33
002896,中大力德,149,184.98678927,184.98678927,199.46,15.63,未分类,扩展500只,2025-09-12 10:45:33
002607,中公教育,150,184.40524173,152.0115216,149.23,23.46,未分类,扩展500只,2025-09-12 10:45:33
301267,华厦眼科,151,182.616,71.48739743,32.38,3.12,未分类,扩展500只,2025-09-12 10:45:33
000099,中信海直,152,181.60778907,181.60778907,59.19,3.38,未分类,扩展500只,2025-09-12 10:45:33
603678,火炬电子,153,178.05214665,178.05214665,34.08,2.91,未分类,扩展500只,2025-09-12 10:45:33
301039,中集车辆,154,177.10475769,137.25439875,22.0,1.23,未分类,扩展500只,2025-09-12 10:45:33
002019,亿帆医药,155,176.37656233,122.0137416,29.04,2.01,未分类,扩展500只,2025-09-12 10:45:33
300083,创世纪,156,175.14354436,157.06730451,37.55,3.3,未分类,扩展500只,2025-09-12 10:45:33
603077,和邦生物,157,173.97798364,173.97798364,168.02,0.96,未分类,扩展500只,2025-09-12 10:45:33
002237,恒邦股份,158,173.9342612,137.9356796,28.15,1.82,未分类,扩展500只,2025-09-12 10:45:33
603927,中科软,159,172.108384,172.108384,80.4,5.52,未分类,扩展500只,2025-09-12 10:45:33
000880,潍柴重机,160,171.82286316,84.0972132,59.8,8.0,未分类,扩展500只,2025-09-12 10:45:33
600361,创新新材,161,171.27689063,66.99834009,24.15,1.58,未分类,扩展500只,2025-09-12 10:45:33
300133,华策影视,162,170.39282662,145.65876204,72.5,2.35,未分类,扩展500只,2025-09-12 10:45:33
002698,博实股份,163,170.35864144,140.1835793,30.71,4.48,未分类,扩展500只,2025-09-12 10:45:33
300010,豆神教育,164,169.04891551,136.06060521,81.38,9.63,未分类,扩展500只,2025-09-12 10:45:33
688612,威迈斯,165,168.46704823,101.77953434,30.95,5.03,未分类,扩展500只,2025-09-12 10:45:33
002020,京新药业,166,166.86744733,140.30506332,21.51,3.05,未分类,扩展500只,2025-09-12 10:45:33
688668,鼎通科技,167,164.75916289,164.75916289,71.39,8.83,未分类,扩展500只,2025-09-12 10:45:33
002151,北斗星通,168,164.33913337,134.04126953,5794.64,3.2,未分类,扩展500只,2025-09-12 10:45:33
002326,永太科技,169,163.05562008,142.45741984,138.65,5.94,未分类,扩展500只,2025-09-12 10:45:33
600056,中国医药,170,162.60212861,162.54470566,27.66,1.39,未分类,扩展500只,2025-09-12 10:45:33
300070,碧水源,171,162.36457946,151.05835123,-75.89,0.6,未分类,扩展500只,2025-09-12 10:45:33
300657,弘信电子,172,161.65617826,156.98537209,149.7,13.29,未分类,扩展500只,2025-09-12 10:45:33
300762,上海瀚讯,173,160.88483079,160.88483079,-280.87,6.83,未分类,扩展500只,2025-09-12 10:45:33
603583,捷昌驱动,174,160.84951866,160.84951866,29.67,3.53,未分类,扩展500只,2025-09-12 10:45:33
603983,丸美生物,175,160.6807,160.6807,43.25,4.77,未分类,扩展500只,2025-09-12 10:45:33
603667,五洲新春,176,159.701028,159.701028,106.06,5.39,未分类,扩展500只,2025-09-12 10:45:33
603194,中力股份,177,158.6356,20.35564547,17.72,3.15,未分类,扩展500只,2025-09-12 10:45:33
000061,农 产 品,178,158.32675342,158.32384946,41.56,2.48,未分类,扩展500只,2025-09-12 10:45:33
603185,弘元绿能,179,157.6689553,157.6689553,-26.56,1.36,未分类,扩展500只,2025-09-12 10:45:33
001339,智微智能,180,156.6373071,74.00069907,77.0,7.09,未分类,扩展500只,2025-09-12 10:45:33
300428,立中集团,181,155.9093174,135.83190736,19.43,2.07,未分类,扩展500只,2025-09-12 10:45:33
600475,华光环能,182,155.34443096,153.21893096,27.21,1.74,未分类,扩展500只,2025-09-12 10:45:33
688205,德科立,183,154.83470883,154.83470883,275.57,6.84,未分类,扩展500只,2025-09-12 10:45:33
300353,东土科技,184,154.76853815,135.22809584,-87.15,7.44,未分类,扩展500只,2025-09-12 10:45:33
301171,易点天下,185,153.45729631,121.42559907,53.46,4.25,未分类,扩展500只,2025-09-12 10:45:33
300182,捷成股份,186,152.63720871,129.43508787,52.49,1.83,未分类,扩展500只,2025-09-12 10:45:33
002536,飞龙股份,187,151.80095302,143.78058252,36.07,4.49,未分类,扩展500只,2025-09-12 10:45:33
603305,旭升集团,188,150.71937406,150.71937406,37.56,2.32,未分类,扩展500只,2025-09-12 10:45:33
688432,有研硅,189,150.5878617,61.26317492,71.01,3.43,未分类,扩展500只,2025-09-12 10:45:33
000837,秦川机床,190,148.81885162,146.97985507,168.14,3.06,未分类,扩展500只,2025-09-12 10:45:33
301658,首航新能,191,148.16494881,13.91497363,81.21,4.74,未分类,扩展500只,2025-09-12 10:45:33
605198,安德利,192,145.99948,115.7623544,36.3,5.44,未分类,扩展500只,2025-09-12 10:45:33
688631,莱斯信息,193,143.003556,56.748276,-228.68,7.81,未分类,扩展500只,2025-09-12 10:45:33
300101,振芯科技,194,141.23814759,140.77499731,107.73,7.85,未分类,扩展500只,2025-09-12 10:45:33
000536,华映科技,195,140.51446639,140.36459181,-14.75,17.17,未分类,扩展500只,2025-09-12 10:45:33
600064,南京高科,196,140.33054513,140.33054513,5.08,0.74,未分类,扩展500只,2025-09-12 10:45:33
000758,中色股份,197,139.93584286,138.91901065,15.88,2.35,未分类,扩展500只,2025-09-12 10:45:33
600717,天津港,198,139.78025014,139.78025014,13.89,0.71,未分类,扩展500只,2025-09-12 10:45:33
605099,共创草坪,199,139.6509234,139.111293,20.26,4.93,未分类,扩展500只,2025-09-12 10:45:33
301600,慧翰股份,200,139.1834926,42.9554186,74.17,11.45,未分类,扩展500只,2025-09-12 10:45:33
002060,广东建工,201,138.91254995,57.82414242,19.82,1.02,未分类,扩展500只,2025-09-12 10:45:33
000811,冰轮环境,202,138.57228504,135.35300825,26.07,2.37,未分类,扩展500只,2025-09-12 10:45:33
605020,永和股份,203,137.88949206,112.32460787,25.41,2.75,未分类,扩展500只,2025-09-12 10:45:33
688001,华兴源创,204,137.71082906,137.71082906,87.69,4.05,未分类,扩展500只,2025-09-12 10:45:33
301665,泰禾股份,205,137.565,10.97655255,37.76,4.03,未分类,扩展500只,2025-09-12 10:45:33
002913,奥士康,206,137.54404243,130.75035441,35.11,3.14,未分类,扩展500只,2025-09-12 10:45:33
688332,中科蓝讯,207,137.1201534,50.38541709,52.29,3.42,未分类,扩展500只,2025-09-12 10:45:33
688362,甬矽电子,208,136.69217284,93.36623334,225.42,5.46,未分类,扩展500只,2025-09-12 10:45:33
002345,潮宏基,209,136.38670052,133.129048,20.59,3.74,未分类,扩展500只,2025-09-12 10:45:33
300990,同飞股份,210,135.91829654,62.23518818,54.41,6.95,未分类,扩展500只,2025-09-12 10:45:33
688055,龙腾光电,211,135.0000027,135.0000027,-55.72,3.24,未分类,扩展500只,2025-09-12 10:45:33
688016,心脉医疗,212,134.20779299,134.20779299,21.33,3.33,未分类,扩展500只,2025-09-12 10:45:33
000552,甘肃能化,213,133.79519003,93.14439855,-36.72,0.8,未分类,扩展500只,2025-09-12 10:45:33
001914,招商积余,214,133.60360356,133.60304916,14.09,1.26,未分类,扩展500只,2025-09-12 10:45:33
603218,日月股份,215,133.02673788,132.71947988,23.46,1.28,未分类,扩展500只,2025-09-12 10:45:33
301000,肇民科技,216,132.05239997,124.65373037,93.14,10.97,未分类,扩展500只,2025-09-12 10:45:33
301486,致尚科技,217,131.2803511,73.91732085,36.11,5.01,未分类,扩展500只,2025-09-12 10:45:33
300348,长亮科技,218,130.77422114,114.23365054,-342.19,6.21,未分类,扩展500只,2025-09-12 10:45:33
300294,博雅生物,219,129.64235054,129.64235054,28.77,1.7,未分类,扩展500只,2025-09-12 10:45:33
600635,大众公用,220,129.0213953,105.7011962,19.37,1.45,未分类,扩展500只,2025-09-12 10:45:33
000567,海德股份,221,128.41670458,128.1085727,43.67,2.39,未分类,扩展500只,2025-09-12 10:45:33
603262,技源集团,222,128.40321,12.45564905,65.71,8.47,未分类,扩展500只,2025-09-12 10:45:33
002488,金固股份,223,127.61528813,117.95476867,210.78,3.64,未分类,扩展500只,2025-09-12 10:45:33
601222,林洋能源,224,127.52447076,127.52447076,19.68,0.82,未分类,扩展500只,2025-09-12 10:45:33
000795,英洛华,225,127.31272477,127.31272477,44.22,5.01,未分类,扩展500只,2025-09-12 10:45:33
000547,航天发展,226,126.75853373,125.95621019,-16.75,2.63,未分类,扩展500只,2025-09-12 10:45:33
600267,海正药业,227,126.5983695,126.5287527,21.17,1.52,未分类,扩展500只,2025-09-12 10:45:33
600662,外服控股,228,124.45055843,123.71939548,16.2,2.54,未分类,扩展500只,2025-09-12 10:45:33
300328,宜安科技,229,124.41433272,123.68328385,-332.94,11.57,未分类,扩展500只,2025-09-12 10:45:33
600409,三友化工,230,123.0352271,123.0352271,83.98,0.89,未分类,扩展500只,2025-09-12 10:45:33
300693,盛弘股份,231,121.08326308,104.07300598,38.3,6.55,未分类,扩展500只,2025-09-12 10:45:33
002928,华夏航空,232,120.79382648,120.79322404,24.08,3.34,未分类,扩展500只,2025-09-12 10:45:33
301487,盟固利,233,120.78719991,71.69026425,1987.65,6.41,未分类,扩展500只,2025-09-12 10:45:33
000065,北方国际,234,119.8880793,109.09828003,19.4,1.19,未分类,扩展500只,2025-09-12 10:45:33
002338,奥普光电,235,119.28,119.28,193.38,8.81,未分类,扩展500只,2025-09-12 10:45:33
002204,大连重工,236,119.16553097,119.16553097,19.09,1.58,未分类,扩展500只,2025-09-12 10:45:33
300131,英唐智控,237,119.06354398,109.33386243,193.69,6.66,未分类,扩展500只,2025-09-12 10:45:33
002036,联创电子,238,118.62372726,118.40001968,246.17,5.51,未分类,扩展500只,2025-09-12 10:45:33
300872,天阳科技,239,118.56461106,102.51392723,116.15,3.25,未分类,扩展500只,2025-09-12 10:45:33
002626,金达威,240,118.51032601,118.49235326,23.96,2.74,未分类,扩展500只,2025-09-12 10:45:33
301109,军信股份,241,118.28621622,30.77983807,14.78,1.58,未分类,扩展500只,2025-09-12 10:45:33
300613,富瀚微,242,117.22297289,110.56103727,254.57,4.37,未分类,扩展500只,2025-09-12 10:45:33
600269,赣粤高速,243,117.0038914,117.0038914,7.66,0.62,未分类,扩展500只,2025-09-12 10:45:33
002654,万润科技,244,115.46832751,115.46013151,371.63,7.44,未分类,扩展500只,2025-09-12 10:45:33
600821,金开新能,245,115.24210124,115.24210124,13.11,1.21,未分类,扩展500只,2025-09-12 10:45:33
600797,浙大网新,246,113.8499218,113.8499218,-377.75,3.41,未分类,扩展500只,2025-09-12 10:45:33
600375,汉马科技,247,113.65775992,77.11692038,204.95,3.42,未分类,扩展500只,2025-09-12 10:45:33
002827,高争民爆,248,113.6442692,113.2152,82.11,11.71,未分类,扩展500只,2025-09-12 10:45:33
600592,龙溪股份,249,113.55312488,113.55312488,87.67,4.53,未分类,扩展500只,2025-09-12 10:45:33
603800,洪田股份,250,113.4224,113.4224,-159.71,14.86,未分类,扩展500只,2025-09-12 10:45:33
000756,新华制药,251,111.53686571,79.65728851,24.92,2.18,未分类,扩展500只,2025-09-12 10:45:33
688252,天德钰,252,111.37651115,49.65104177,36.55,4.83,未分类,扩展500只,2025-09-12 10:45:33
603277,银都股份,253,111.263684,110.54695433,16.05,3.77,未分类,扩展500只,2025-09-12 10:45:33
301207,华兰疫苗,254,111.069882,110.99977812,267.03,1.88,未分类,扩展500只,2025-09-12 10:45:33
300486,东杰智能,255,110.9073846,108.16356447,932.71,7.18,未分类,扩展500只,2025-09-12 10:45:33
600117,西宁特钢,256,110.67390514,110.67390514,-23.58,2.55,未分类,扩展500只,2025-09-12 10:45:33
002102,能特科技,257,110.66051751,97.12791408,16.31,3.31,未分类,扩展500只,2025-09-12 10:45:33
300319,麦捷科技,258,110.15071151,103.87267179,36.89,2.38,未分类,扩展500只,2025-09-12 10:45:33
300171,东富龙,259,109.81974094,80.68506471,119.58,1.41,未分类,扩展500只,2025-09-12 10:45:33
300925,法本信息,260,109.79236081,89.51875954,94.98,5.09,未分类,扩展500只,2025-09-12 10:45:33
603297,永新光学,261,109.6054596,109.4003508,50.6,5.61,未分类,扩展500只,2025-09-12 10:45:33
300855,图南股份,262,108.81071565,80.59223356,58.52,5.5,未分类,扩展500只,2025-09-12 10:45:33
300678,中科信息,263,108.62557638,106.75353177,1441.6,12.85,未分类,扩展500只,2025-09-12 10:45:33
300382,斯莱克,264,107.699239,107.68897867,-265.73,4.75,未分类,扩展500只,2025-09-12 10:45:33
688690,纳微科技,265,107.61663487,107.61663487,85.0,5.93,未分类,扩展500只,2025-09-12 10:45:33
688603,天承科技,266,107.28803554,40.79206634,146.04,9.41,未分类,扩展500只,2025-09-12 10:45:33
600184,光电股份,267,107.28012686,93.66286807,433.25,3.18,未分类,扩展500只,2025-09-12 10:45:33
300482,万孚生物,268,106.05787485,94.79759767,28.03,1.95,未分类,扩展500只,2025-09-12 10:45:33
002051,中工国际,269,105.17975965,105.17370595,29.71,0.9,未分类,扩展500只,2025-09-12 10:45:33
603690,至纯科技,270,104.77335392,104.58753668,133.24,2.09,未分类,扩展500只,2025-09-12 10:45:33
002332,仙琚制药,271,103.47082898,102.98641017,16.78,1.72,未分类,扩展500只,2025-09-12 10:45:33
688750,金天钛业,272,103.27625,18.589725,127.39,4.22,未分类,扩展500只,2025-09-12 10:45:33
300222,科大智能,273,103.20009163,84.04234529,67.18,6.04,未分类,扩展500只,2025-09-12 10:45:33
600501,航天晨光,274,102.9293496,102.09251514,-60.92,5.79,未分类,扩展500只,2025-09-12 10:45:33
688202,美迪西,275,102.40323464,102.40323464,-396.96,4.91,未分类,扩展500只,2025-09-12 10:45:33
300303,聚飞光电,276,100.50799242,94.28785701,40.47,2.73,未分类,扩展500只,2025-09-12 10:45:33
300119,瑞普生物,277,100.3870165,72.35179654,19.57,2.2,未分类,扩展500只,2025-09-12 10:45:33
300841,康华生物,278,100.00713347,91.52797004,43.66,2.91,未分类,扩展500只,2025-09-12 10:45:33
300403,汉宇集团,279,99.7362,70.63631828,42.51,4.79,未分类,扩展500只,2025-09-12 10:45:33
001212,中旗新材,280,99.25188451,84.97428399,1966.98,5.88,未分类,扩展500只,2025-09-12 10:45:33
688392,骄成超声,281,98.87100945,60.44353697,85.18,5.63,未分类,扩展500只,2025-09-12 10:45:33
688513,苑东生物,282,97.32223273,97.32223273,35.63,3.5,未分类,扩展500只,2025-09-12 10:45:33
600759,洲际油气,283,97.08681715,96.96224725,97.55,1.12,未分类,扩展500只,2025-09-12 10:45:33
605008,长鸿高科,284,96.63597713,96.63597713,2881.95,4.82,未分类,扩展500只,2025-09-12 10:45:33
000700,模塑科技,285,95.28999738,95.28999738,16.24,2.44,未分类,扩展500只,2025-09-12 10:45:33
600783,鲁信创投,286,95.12911777,95.12911777,21.88,2.09,未分类,扩展500只,2025-09-12 10:45:33
002042,华孚时尚,287,94.89801961,94.89801961,189.06,1.65,未分类,扩展500只,2025-09-12 10:45:33
603053,成都燃气,288,94.755674,94.755674,17.14,2.02,未分类,扩展500只,2025-09-12 10:45:33
002192,融捷股份,289,94.74818357,94.5529712,55.47,2.79,未分类,扩展500只,2025-09-12 10:45:33
002006,精工科技,290,94.65438542,94.65438542,41.72,4.0,未分类,扩展500只,2025-09-12 10:45:33
603395,红四方,291,94.224,19.4233687,107.15,6.75,未分类,扩展500只,2025-09-12 10:45:33
688232,新点软件,292,94.149,94.149,-75.71,1.76,未分类,扩展500只,2025-09-12 10:45:33
300725,药石科技,293,94.07854129,80.80475219,64.88,2.07,未分类,扩展500只,2025-09-12 10:45:33
600874,创业环保,294,94.06804329,73.70204329,9.95,0.95,未分类,扩展500只,2025-09-12 10:45:33
603281,江瀚新材,295,93.81866683,63.25068109,22.3,1.84,未分类,扩展500只,2025-09-12 10:45:33
600664,哈药股份,296,93.68856739,93.68856739,18.04,1.67,未分类,扩展500只,2025-09-12 10:45:33
301535,浙江华远,297,93.64976478,13.19020526,80.24,8.28,未分类,扩展500只,2025-09-12 10:45:33
603370,C华新,298,93.45829,18.31420243,47.52,5.0,未分类,扩展500只,2025-09-12 10:45:33
688788,科思科技,299,93.29321044,93.29321044,-42.9,4.51,未分类,扩展500只,2025-09-12 10:45:33
300145,南方泵业,300,92.97157142,92.15327577,27.53,3.32,未分类,扩展500只,2025-09-12 10:45:33
600343,航天动力,301,91.90171411,91.90171411,-62.84,6.6,未分类,扩展500只,2025-09-12 10:45:33
300352,北信源,302,91.77386471,80.80946883,-47.25,7.05,未分类,扩展500只,2025-09-12 10:45:33
002267,陕天然气,303,91.07897895,91.07897895,8.94,1.38,未分类,扩展500只,2025-09-12 10:45:33
600305,恒顺醋业,304,91.06260675,90.77593116,41.16,2.74,未分类,扩展500只,2025-09-12 10:45:33
002023,海特高新,305,90.68129276,90.68129276,71.17,2.09,未分类,扩展500只,2025-09-12 10:45:33
688556,高测股份,306,90.22204923,90.22204923,-50.94,2.34,未分类,扩展500只,2025-09-12 10:45:33
600650,锦江在线,307,89.1953543,63.15356413,58.37,2.09,未分类,扩展500只,2025-09-12 10:45:33
002727,一心堂,308,88.48478329,60.03390863,17.72,1.19,未分类,扩展500只,2025-09-12 10:45:33
605123,派克新材,309,87.98218468,87.98218468,25.08,1.93,未分类,扩展500只,2025-09-12 10:45:33
002543,万和电气,310,87.89352,78.20242055,11.6,1.77,未分类,扩展500只,2025-09-12 10:45:33
603040,新坐标,311,87.65188461,87.19479876,30.9,6.21,未分类,扩展500只,2025-09-12 10:45:33
603533,掌阅科技,312,87.64769795,87.64769795,-27.37,3.7,未分类,扩展500只,2025-09-12 10:45:33
301556,托普云农,313,87.019712,19.74931445,83.44,9.18,未分类,扩展500只,2025-09-12 10:45:33
002846,英联股份,314,86.09869538,52.68870968,170.98,6.14,未分类,扩展500只,2025-09-12 10:45:33
688526,科前生物,315,86.09385194,86.09385194,19.58,2.12,未分类,扩展500只,2025-09-12 10:45:33
300079,数码视讯,316,85.70428653,77.01692733,256.59,2.03,未分类,扩展500只,2025-09-12 10:45:33
600094,大名城,317,85.60764403,78.41397659,128.15,0.84,未分类,扩展500只,2025-09-12 10:45:33
002163,海南发展,318,85.42524035,81.23879126,-20.1,9.97,未分类,扩展500只,2025-09-12 10:45:33
600571,信雅达,319,85.24298689,83.67701131,-80.98,7.44,未分类,扩展500只,2025-09-12 10:45:33
300080,易成新能,320,85.23880984,85.12415498,-25.07,1.72,未分类,扩展500只,2025-09-12 10:45:33
002801,微光股份,321,85.0097664,42.87015954,24.65,4.85,未分类,扩展500只,2025-09-12 10:45:33
301479,弘景光电,322,84.97968608,18.99397242,56.26,7.3,未分类,扩展500只,2025-09-12 10:45:33
300708,聚灿光电,323,84.7840375,64.11428714,36.24,3.08,未分类,扩展500只,2025-09-12 10:45:33
601226,华电科工,324,84.63143898,84.37744062,78.23,1.95,未分类,扩展500只,2025-09-12 10:45:33
002533,金杯电工,325,83.66928107,72.69157936,14.12,2.04,未分类,扩展500只,2025-09-12 10:45:33
002079,苏州固锝,326,83.44656405,83.36819773,95.47,2.73,未分类,扩展500只,2025-09-12 10:45:33
002707,众信旅游,327,83.4325063,70.0600934,103.13,9.26,未分类,扩展500只,2025-09-12 10:45:33
300036,超图软件,328,83.08045163,73.9273532,347.15,3.12,未分类,扩展500只,2025-09-12 10:45:33
002639,雪人集团,329,82.97747392,69.87651346,154.26,3.32,未分类,扩展500只,2025-09-12 10:45:33
300671,富满微,330,82.90947932,82.69127483,-115.9,5.18,未分类,扩展500只,2025-09-12 10:45:33
002489,浙江永强,331,82.85642316,73.07770505,8.08,1.84,未分类,扩展500只,2025-09-12 10:45:33
002612,朗姿股份,332,82.4718179,47.48339191,15.05,2.88,未分类,扩展500只,2025-09-12 10:45:33
688160,步科股份,333,82.07598134,75.9024,157.17,6.61,未分类,扩展500只,2025-09-12 10:45:33
603773,沃格光电,334,82.04295534,74.97347574,-75.75,7.1,未分类,扩展500只,2025-09-12 10:45:33
300976,达瑞电子,335,81.69266077,52.29339664,30.92,2.38,未分类,扩展500只,2025-09-12 10:45:33
300596,利安隆,336,81.40017195,79.06937841,16.87,1.76,未分类,扩展500只,2025-09-12 10:45:33
002997,瑞鹄模具,337,81.36319903,81.36319903,17.92,3.49,未分类,扩展500只,2025-09-12 10:45:33
001330,博纳影业,338,81.23407195,62.97028046,-3.85,1.92,未分类,扩展500只,2025-09-12 10:45:33
605088,冠盛股份,339,80.82324916,79.58652832,24.97,2.88,未分类,扩展500只,2025-09-12 10:45:33
300470,中密控股,340,80.7307463,76.59561972,21.53,2.9,未分类,扩展500只,2025-09-12 10:45:33
600370,三房巷,341,80.6602902,80.6602902,-14.89,1.58,未分类,扩展500只,2025-09-12 10:45:33
600502,安徽建工,342,80.50544169,80.50544169,7.28,0.74,未分类,扩展500只,2025-09-12 10:45:33
605365,立达信,343,80.07105372,80.07105372,57.9,2.19,未分类,扩展500只,2025-09-12 10:45:33
603936,博敏电子,344,79.87142711,79.87142711,105.39,1.83,未分类,扩展500只,2025-09-12 10:45:33
300368,汇金股份,345,79.50020429,79.50020429,-112.1,39.26,未分类,扩展500只,2025-09-12 10:45:33
300451,创业慧康,346,79.4700967,78.3193904,-49.33,1.83,未分类,扩展500只,2025-09-12 10:45:33
300139,晓程科技,347,78.3092,66.77980651,92.24,7.39,未分类,扩展500只,2025-09-12 10:45:33
300342,天银机电,348,78.2489643,77.10087068,219.76,5.01,未分类,扩展500只,2025-09-12 10:45:33
300401,花园生物,349,78.15066475,76.88752569,24.19,2.53,未分类,扩展500只,2025-09-12 10:45:33
300386,飞天诚信,350,78.0488148,46.81645382,643.83,5.3,未分类,扩展500只,2025-09-12 10:45:33
300267,尔康制药,351,77.7602036,53.62417429,103.31,1.74,未分类,扩展500只,2025-09-12 10:45:33
300842,帝科股份,352,77.61492386,69.05350046,55.59,4.28,未分类,扩展500只,2025-09-12 10:45:33
301326,捷邦科技,353,77.16939732,28.81524492,-101.48,6.2,未分类,扩展500只,2025-09-12 10:45:33
603153,上海建科,354,77.13586015,25.407,162.35,2.18,未分类,扩展500只,2025-09-12 10:45:33
688210,统联精密,355,77.04402137,77.04402137,790.5,6.21,未分类,扩展500只,2025-09-12 10:45:33
301052,果麦文化,356,76.99036574,62.39242498,679.75,10.76,未分类,扩展500只,2025-09-12 10:45:33
002676,顺威股份,357,76.968,76.96548347,68.04,5.92,未分类,扩展500只,2025-09-12 10:45:33
688787,海天瑞声,358,76.9146045,76.9146045,1010.81,10.55,未分类,扩展500只,2025-09-12 10:45:33
000888,峨眉山Ａ,359,76.03356062,76.03356062,31.34,2.91,未分类,扩展500只,2025-09-12 10:45:33
301501,恒鑫生活,360,75.68043,17.94396504,30.19,3.78,未分类,扩展500只,2025-09-12 10:45:33
688588,凌志软件,361,75.12187856,75.12187856,33.55,6.05,未分类,扩展500只,2025-09-12 10:45:33
301508,中机认检,362,74.92463528,19.49838296,51.21,3.82,未分类,扩展500只,2025-09-12 10:45:33
301529,福赛科技,363,74.91974015,39.95012818,59.18,5.74,未分类,扩展500只,2025-09-12 10:45:33
001311,多利科技,364,74.67749483,18.96262389,23.72,1.64,未分类,扩展500只,2025-09-12 10:45:33
605286,同力日升,365,74.3736,74.3736,32.1,3.59,未分类,扩展500只,2025-09-12 10:45:33
000560,我爱我家,366,73.96272672,70.83646793,96.31,0.79,未分类,扩展500只,2025-09-12 10:45:33
002206,海 利 得,367,73.56771703,54.75666397,12.42,1.93,未分类,扩展500只,2025-09-12 10:45:33
688376,美埃科技,368,73.55712,27.90441286,37.52,3.91,未分类,扩展500只,2025-09-12 10:45:33
601500,通用股份,369,73.10852381,72.81803381,56.86,1.2,未分类,扩展500只,2025-09-12 10:45:33
605339,南侨食品,370,73.02041501,73.02041501,101.53,2.14,未分类,扩展500只,2025-09-12 10:45:33
000949,新乡化纤,371,72.94415365,72.9245807,58.13,1.11,未分类,扩展500只,2025-09-12 10:45:33
600217,中再资环,372,72.77099624,72.77099624,-9.97,2.36,未分类,扩展500只,2025-09-12 10:45:33
300380,安硕信息,373,72.00214991,66.24281891,302.96,18.67,未分类,扩展500只,2025-09-12 10:45:33
300129,泰胜风能,374,71.70677109,49.58294303,30.11,1.62,未分类,扩展500只,2025-09-12 10:45:33
300151,昌红科技,375,71.35617036,49.40540081,115.54,4.63,未分类,扩展500只,2025-09-12 10:45:33
605288,凯迪股份,376,70.30551234,69.83387766,112.84,3.15,未分类,扩展500只,2025-09-12 10:45:33
002175,东方智造,377,69.96758384,69.96758384,790.3,10.75,未分类,扩展500只,2025-09-12 10:45:33
603222,济民健康,378,69.88956086,69.88956086,-66.31,4.91,未分类,扩展500只,2025-09-12 10:45:33
301259,艾布鲁,379,69.8412,44.26456371,-392.11,8.46,未分类,扩展500只,2025-09-12 10:45:33
600658,电子城,380,69.6878483,69.6878483,-23.26,1.23,未分类,扩展500只,2025-09-12 10:45:33
603069,海汽集团,381,69.5516,69.5516,-125.2,8.38,未分类,扩展500只,2025-09-12 10:45:33
600605,汇通能源,382,69.51717857,69.51717857,168.56,4.91,未分类,扩展500只,2025-09-12 10:45:33
000678,襄阳轴承,383,69.35542017,69.35542017,-223.29,8.95,未分类,扩展500只,2025-09-12 10:45:33
600691,阳煤化工,384,69.1410748,69.1295512,-15.12,1.84,未分类,扩展500只,2025-09-12 10:45:33
002785,万里石,385,69.05102107,58.95793351,660.72,7.74,未分类,扩展500只,2025-09-12 10:45:33
603312,西典新能,386,68.95472,22.410284,24.8,4.04,未分类,扩展500只,2025-09-12 10:45:33
001328,登康口腔,387,68.86952,17.2174,40.44,4.88,未分类,扩展500只,2025-09-12 10:45:33
000026,飞亚达,388,68.81757559,61.82988192,41.74,2.06,未分类,扩展500只,2025-09-12 10:45:33
002642,荣联科技,389,68.80435255,68.80435255,415.57,5.84,未分类,扩展500只,2025-09-12 10:45:33
603303,得邦照明,390,68.63232434,68.63232434,24.03,2.04,未分类,扩展500只,2025-09-12 10:45:33
603135,中重科技,391,68.55669691,27.51436429,174.66,2.31,未分类,扩展500只,2025-09-12 10:45:33
300781,因赛集团,392,67.99982085,50.15137594,146.36,10.35,未分类,扩展500只,2025-09-12 10:45:33
300669,沪宁股份,393,67.73599239,64.14872786,364.07,7.8,未分类,扩展500只,2025-09-12 10:45:33
688315,诺禾致源,394,67.50764,67.50764,42.87,2.63,未分类,扩展500只,2025-09-12 10:45:33
300951,博硕科技,395,67.43633569,60.2572478,34.58,2.97,未分类,扩展500只,2025-09-12 10:45:33
002401,中远海科,396,67.42065502,67.36541872,342.93,4.26,未分类,扩展500只,2025-09-12 10:45:33
300444,双杰电气,397,67.08450756,52.20152272,32.4,3.83,未分类,扩展500只,2025-09-12 10:45:33
688429,时创能源,398,66.6001332,19.95123996,-18.58,4.41,未分类,扩展500只,2025-09-12 10:45:33
002552,宝鼎科技,399,66.42308867,54.82402588,151.1,3.81,未分类,扩展500只,2025-09-12 10:45:33
603758,秦安股份,400,66.03895587,66.03895587,41.08,2.65,未分类,扩展500只,2025-09-12 10:45:33
300271,华宇软件,401,65.67952845,64.49691857,-39.71,1.77,未分类,扩展500只,2025-09-12 10:45:33
000905,厦门港务,402,65.42760646,65.42747416,23.18,1.29,未分类,扩展500只,2025-09-12 10:45:33
001258,立新能源,403,65.33333338,65.33317588,364.92,2.25,未分类,扩展500只,2025-09-12 10:45:33
300905,宝丽迪,404,65.23510713,50.67800087,51.11,3.46,未分类,扩展500只,2025-09-12 10:45:33
603400,华之杰,405,65.19,12.77569109,39.2,5.33,未分类,扩展500只,2025-09-12 10:45:33
688176,亚虹医药,406,64.99920131,49.581061,-20.04,3.56,未分类,扩展500只,2025-09-12 10:45:33
300530,领湃科技,407,64.55053829,59.40611638,-45.73,69.37,未分类,扩展500只,2025-09-12 10:45:33
603061,金海通,408,64.092,44.67888998,42.16,4.52,未分类,扩展500只,2025-09-12 10:45:33
300111,向日葵,409,63.84565141,63.84565141,2750.42,9.29,未分类,扩展500只,2025-09-12 10:45:33
688028,沃尔德,410,63.7910474,63.7910474,73.12,3.27,未分类,扩展500只,2025-09-12 10:45:33
300369,绿盟科技,411,63.7048896,63.61873717,-18.57,2.64,未分类,扩展500只,2025-09-12 10:45:33
300698,万马科技,412,63.3418,56.03666726,192.36,12.7,未分类,扩展500只,2025-09-12 10:45:33
000751,锌业股份,413,63.33271932,55.26685614,50.54,1.75,未分类,扩展500只,2025-09-12 10:45:33
600178,东安动力,414,63.06757697,63.06757697,804.19,2.47,未分类,扩展500只,2025-09-12 10:45:33
605598,上海港湾,415,63.05396376,62.64973336,47.12,3.43,未分类,扩展500只,2025-09-12 10:45:33
300488,恒锋工具,416,62.98706088,52.4431699,41.69,3.95,未分类,扩展500只,2025-09-12 10:45:33
301448,开创电气,417,62.712,28.84752,-203.3,9.34,未分类,扩展500只,2025-09-12 10:45:33
688311,盟升电子,418,62.4306639,62.4306639,-84.06,3.94,未分类,扩展500只,2025-09-12 10:45:33
600513,联环药业,419,62.20092123,62.20092123,-77.7,4.68,未分类,扩展500只,2025-09-12 10:45:33
002274,华昌化工,420,62.18941138,61.24154819,284.64,1.14,未分类,扩展500只,2025-09-12 10:45:33
300940,南极光,421,62.11777979,43.93675874,42.61,5.39,未分类,扩展500只,2025-09-12 10:45:33
300004,南风股份,422,62.11117158,62.11117158,132.27,3.51,未分类,扩展500只,2025-09-12 10:45:33
600897,厦门空港,423,61.914699,61.914699,12.24,1.35,未分类,扩展500只,2025-09-12 10:45:33
002361,神剑股份,424,61.91237648,52.67390626,131.19,2.75,未分类,扩展500只,2025-09-12 10:45:33
001288,运机集团,425,61.66649711,39.77212418,42.02,2.86,未分类,扩展500只,2025-09-12 10:45:33
301190,善水科技,426,61.6006755,45.734598,64.47,3.21,未分类,扩展500只,2025-09-12 10:45:33
600400,红豆股份,427,61.17962845,61.17962845,-28.06,2.51,未分类,扩展500只,2025-09-12 10:45:33
000722,湖南发展,428,61.08322991,61.08322991,74.59,1.96,未分类,扩展500只,2025-09-12 10:45:33
688389,普门科技,429,60.80212509,60.80212509,25.01,2.96,未分类,扩展500只,2025-09-12 10:45:33
002279,久其软件,430,60.78558441,55.6757781,-40.31,4.51,未分类,扩展500只,2025-09-12 10:45:33
600207,安彩高科,431,60.78364051,60.78364051,-14.1,2.4,未分类,扩展500只,2025-09-12 10:45:33
301021,英诺激光,432,60.02393717,59.97915432,353.94,6.07,未分类,扩展500只,2025-09-12 10:45:33
300788,中信出版,433,59.95477268,59.95477268,24.74,2.69,未分类,扩展500只,2025-09-12 10:45:33
603861,白云电器,434,59.94455021,58.62024041,37.11,1.56,未分类,扩展500只,2025-09-12 10:45:33
603035,常熟汽饰,435,59.85487195,59.85487195,13.84,1.15,未分类,扩展500只,2025-09-12 10:45:33
300981,中红医疗,436,59.78377528,54.78906213,520.5,1.11,未分类,扩展500只,2025-09-12 10:45:33
601789,宁波建工,437,59.77392245,59.77392245,22.93,1.33,未分类,扩展500只,2025-09-12 10:45:33
603890,春秋电子,438,59.49344774,59.49344774,31.88,2.1,未分类,扩展500只,2025-09-12 10:45:33
002889,东方嘉盛,439,59.48262684,39.5773171,37.24,2.43,未分类,扩展500只,2025-09-12 10:45:33
002264,新 华 都,440,59.38443225,54.01958183,20.18,2.95,未分类,扩展500只,2025-09-12 10:45:33
300617,安靠智电,441,59.19528718,49.71769584,44.82,2.04,未分类,扩展500只,2025-09-12 10:45:33
600626,申达股份,442,59.16936108,49.63744621,-55.16,1.86,未分类,扩展500只,2025-09-12 10:45:33
301099,雅创电子,443,59.12097471,36.19046997,72.42,4.5,未分类,扩展500只,2025-09-12 10:45:33
301398,星源卓镁,444,58.8224,17.573192,93.84,5.31,未分类,扩展500只,2025-09-12 10:45:33
920060,万源通,445,58.70444438,27.06610189,45.32,5.78,未分类,扩展500只,2025-09-12 10:45:33
603062,麦加芯彩,446,58.0284,20.35636272,26.36,2.82,未分类,扩展500只,2025-09-12 10:45:33
002148,北纬科技,447,57.91108739,46.5493045,-924.95,4.76,未分类,扩展500只,2025-09-12 10:45:33
605018,长华集团,448,57.63091448,57.48904648,86.38,2.14,未分类,扩展500只,2025-09-12 10:45:33
002449,国星光电,449,57.39468128,57.39468128,116.79,1.5,未分类,扩展500只,2025-09-12 10:45:33
002577,雷柏科技,450,57.055752,57.0527145,186.45,4.78,未分类,扩展500只,2025-09-12 10:45:33
000726,鲁  泰Ａ,451,56.72107547,40.85584635,7.87,0.59,未分类,扩展500只,2025-09-12 10:45:33
600288,大恒科技,452,56.69664,56.69664,-1034.42,3.09,未分类,扩展500只,2025-09-12 10:45:33
688293,奥浦迈,453,56.44508561,56.44508561,75.17,2.67,未分类,扩展500只,2025-09-12 10:45:33
002367,康力电梯,454,56.32082919,56.09757611,15.66,1.62,未分类,扩展500只,2025-09-12 10:45:33
688023,安恒信息,455,55.95233177,55.95233177,-14.41,2.38,未分类,扩展500只,2025-09-12 10:45:33
601700,风范股份,456,55.85586363,55.85586363,313.53,2.15,未分类,扩展500只,2025-09-12 10:45:33
601121,宝地矿业,457,55.84,26.524,45.33,1.81,未分类,扩展500只,2025-09-12 10:45:33
300057,万顺新材,458,55.66624584,44.8962882,-52.45,1.07,未分类,扩展500只,2025-09-12 10:45:33
300237,美晨科技,459,55.22534182,55.22482477,-30.12,532.44,未分类,扩展500只,2025-09-12 10:45:33
600617,国新能源,460,54.98196562,50.60296664,36.74,1.59,未分类,扩展500只,2025-09-12 10:45:33
300894,火星人,461,54.96105164,39.64104175,-22.25,4.6,未分类,扩展500只,2025-09-12 10:45:33
688286,敏芯股份,462,54.6908286,54.6908286,108.55,5.17,未分类,扩展500只,2025-09-12 10:45:33
688302,海创药业,463,54.66651166,45.00449775,-44.19,4.81,未分类,扩展500只,2025-09-12 10:45:33
002672,东江环保,464,54.26805988,44.44130863,-9.75,1.63,未分类,扩展500只,2025-09-12 10:45:33
000926,福星股份,465,54.16080232,53.48911093,-4.12,0.62,未分类,扩展500只,2025-09-12 10:45:33
301618,长联科技,466,54.13853759,13.5346554,109.82,5.79,未分类,扩展500只,2025-09-12 10:45:33
000862,银星能源,467,53.97573612,36.92446477,16.32,1.22,未分类,扩展500只,2025-09-12 10:45:33
300752,隆利科技,468,53.76580435,37.00434862,60.7,4.38,未分类,扩展500只,2025-09-12 10:45:33
603032,德新科技,469,53.73172787,53.3056655,120.2,4.8,未分类,扩展500只,2025-09-12 10:45:33
002365,永安药业,470,53.72061975,44.76560641,214.96,2.74,未分类,扩展500只,2025-09-12 10:45:33
002688,金河生物,471,53.7057541,52.19233474,19.47,2.31,未分类,扩展500只,2025-09-12 10:45:33
603018,华设集团,472,53.47265678,53.47265678,26.46,1.03,未分类,扩展500只,2025-09-12 10:45:33
688663,新风光,473,53.21638429,53.21638429,44.22,3.95,未分类,扩展500只,2025-09-12 10:45:33
833509,同惠电子,474,53.14133822,27.83647269,90.65,16.1,未分类,扩展500只,2025-09-12 10:45:33
300993,玉马科技,475,53.02937952,41.44067752,35.79,3.56,未分类,扩展500只,2025-09-12 10:45:33
000925,众合科技,476,53.02739687,52.78235375,-39.75,1.61,未分类,扩展500只,2025-09-12 10:45:33
688152,麒麟信安,477,52.93897116,20.79406876,-254.91,4.23,未分类,扩展500只,2025-09-12 10:45:33
835174,五新隧装,478,52.83511747,51.06944553,51.88,6.47,未分类,扩展500只,2025-09-12 10:45:33
002132,恒星科技,479,52.69808064,52.62052907,123.27,1.52,未分类,扩展500只,2025-09-12 10:45:33
002095,生 意 宝,480,52.56576,52.35535032,-373.18,5.96,未分类,扩展500只,2025-09-12 10:45:33
300611,美力科技,481,52.55759532,36.92744202,32.69,4.42,未分类,扩展500只,2025-09-12 10:45:33
603901,永创智能,482,52.52245049,51.71836767,32.23,2.19,未分类,扩展500只,2025-09-12 10:45:33
605208,永茂泰,483,52.097526,52.097526,131.76,2.42,未分类,扩展500只,2025-09-12 10:45:33
603155,新亚强,484,52.01008596,52.01008596,44.07,2.37,未分类,扩展500只,2025-09-12 10:45:33
300683,海特生物,485,51.87344715,48.37421723,-66.2,2.21,未分类,扩展500只,2025-09-12 10:45:33
000532,华金资本,486,51.8096635,51.63552682,71.39,3.45,未分类,扩展500只,2025-09-12 10:45:33
300484,蓝海华腾,487,51.790975,41.58815625,62.98,7.74,未分类,扩展500只,2025-09-12 10:45:33
002178,延华智能,488,51.70230787,51.67545727,480.15,11.91,未分类,扩展500只,2025-09-12 10:45:33
430418,苏轴股份,489,51.5092032,49.45082995,31.19,6.04,未分类,扩展500只,2025-09-12 10:45:33
002786,银宝山新,490,51.295842,51.140592,-95.7,24.36,未分类,扩展500只,2025-09-12 10:45:33
830946,森萱医药,491,51.27289263,51.25712951,37.75,4.27,未分类,扩展500只,2025-09-12 10:45:33
603386,骏亚科技,492,51.16737741,51.16737741,67.09,3.71,未分类,扩展500只,2025-09-12 10:45:33
002658,雪迪龙,493,51.0516022,28.80021724,41.19,2.05,未分类,扩展500只,2025-09-12 10:45:33
301220,亚香股份,494,50.93858843,29.61961951,23.15,2.93,未分类,扩展500只,2025-09-12 10:45:33
002627,三峡旅游,495,50.86701674,50.3409512,39.98,1.65,未分类,扩展500只,2025-09-12 10:45:33
688181,八亿时空,496,50.84747254,50.84747254,82.35,2.47,未分类,扩展500只,2025-09-12 10:45:33
000710,贝瑞基因,497,50.62427379,47.18868497,-92.91,3.08,未分类,扩展500只,2025-09-12 10:45:33
688075,安旭生物,498,50.59166467,50.59166467,42.65,0.98,未分类,扩展500只,2025-09-12 10:45:33
300700,岱勒新材,499,50.33744952,34.26966148,-37.45,5.62,未分类,扩展500只,2025-09-12 10:45:33
002956,西麦食品,500,50.11892568,50.11385557,30.75,3.32,未分类,扩展500只,2025-09-12 10:45:33
