date,code,open,close,high,low,volume,amount,amplitude,pct_change,change,turnover
2020-01-02,000519,7.64,7.8,7.87,7.63,383424,297882576.0,3.15,2.36,0.18,4.11
2020-01-03,000519,7.79,8.24,8.49,7.75,846223,685916240.0,9.49,5.64,0.44,9.07
2020-01-06,000519,8.7,8.51,8.88,8.37,989098,846261936.0,6.19,3.28,0.27,10.61
2020-01-07,000519,8.38,8.37,8.44,8.27,575305,480690352.0,2.0,-1.65,-0.14,6.17
2020-01-08,000519,8.64,9.21,9.21,8.52,1482688,1328372544.0,8.24,10.04,0.84,15.9
2020-01-09,000519,8.59,8.74,8.87,8.47,1051726,913925280.0,4.34,-5.1,-0.47,11.28
2020-01-10,000519,8.62,8.47,8.67,8.32,614044,519355840.0,4.0,-3.09,-0.27,6.58
2020-01-13,000519,8.42,8.44,8.45,8.28,356323,297971056.0,2.01,-0.35,-0.03,3.82
2020-01-14,000519,8.4,8.5,8.55,8.38,366968,310905120.0,2.01,0.71,0.06,3.93
2020-01-15,000519,8.43,8.2,8.45,8.17,402922,332031520.0,3.29,-3.53,-0.3,4.32
2020-01-16,000519,8.2,8.21,8.38,8.17,314901,260433141.0,2.56,0.12,0.01,3.38
2020-01-17,000519,8.19,8.13,8.22,8.11,249962,203803756.0,1.34,-0.97,-0.08,2.68
2020-01-20,000519,8.1,8.17,8.2,8.04,278605,226712503.0,1.97,0.49,0.04,2.99
2020-01-21,000519,8.16,7.95,8.16,7.9,349788,279648432.0,3.18,-2.69,-0.22,3.75
2020-01-22,000519,7.9,7.87,7.91,7.76,250890,196826664.0,1.89,-1.01,-0.08,2.69
2020-01-23,000519,7.86,7.68,8.03,7.63,321189,250964498.0,5.08,-2.41,-0.19,3.44
2020-02-03,000519,6.91,6.91,6.91,6.91,66142,45704122.0,0.0,-10.03,-0.77,0.71
2020-02-04,000519,6.25,6.69,6.82,6.25,365088,242649493.0,8.25,-3.18,-0.22,3.91
2020-02-05,000519,6.68,6.9,7.01,6.63,343485,235850628.0,5.68,3.14,0.21,3.68
2020-02-06,000519,6.9,7.0,7.05,6.81,321421,224071920.0,3.48,1.45,0.1,3.45
2020-02-07,000519,6.96,7.08,7.1,6.91,314055,220010452.0,2.71,1.14,0.08,3.37
2020-02-10,000519,7.04,7.17,7.17,6.99,264226,187699236.0,2.54,1.27,0.09,2.83
2020-02-11,000519,7.34,7.23,7.55,7.2,443200,326603200.0,4.88,0.84,0.06,4.75
2020-02-12,000519,7.17,7.3,7.31,7.14,284696,205922495.0,2.35,0.97,0.07,3.05
2020-02-13,000519,7.25,7.13,7.3,7.12,253164,182201145.0,2.47,-2.33,-0.17,2.71
2020-02-14,000519,7.13,7.18,7.27,7.11,216130,155140472.0,2.24,0.7,0.05,2.32
2020-02-17,000519,7.28,7.57,7.61,7.28,506459,378853792.0,4.6,5.43,0.39,5.43
2020-02-18,000519,7.58,7.67,7.74,7.52,455523,347671920.0,2.91,1.32,0.1,4.88
2020-02-19,000519,7.62,7.55,7.75,7.52,380233,289821472.0,3.0,-1.56,-0.12,4.08
2020-02-20,000519,7.58,7.68,7.71,7.5,345513,263228323.0,2.78,1.72,0.13,3.7
2020-02-21,000519,7.73,8.0,8.11,7.7,642783,506261520.0,5.34,4.17,0.32,6.89
2020-02-24,000519,7.86,7.86,7.92,7.72,558393,435980528.0,2.5,-1.75,-0.14,5.99
2020-02-25,000519,7.62,7.67,7.71,7.3,524413,397471696.0,5.22,-2.42,-0.19,5.62
2020-02-26,000519,7.52,7.77,7.95,7.52,606541,475204064.0,5.61,1.3,0.1,4.36
2020-02-27,000519,7.77,7.61,7.83,7.54,337111,258137282.0,3.73,-2.06,-0.16,2.42
2020-02-28,000519,7.41,7.05,7.47,7.02,405543,293855456.0,5.91,-7.36,-0.56,2.91
2020-03-02,000519,7.15,7.36,7.41,7.14,310580,226641847.0,3.83,4.4,0.31,2.23
2020-03-03,000519,7.47,7.66,7.8,7.44,461475,351650272.0,4.89,4.08,0.3,3.32
2020-03-04,000519,7.56,7.73,7.75,7.55,300601,230620261.0,2.61,0.91,0.07,2.16
2020-03-05,000519,7.84,7.94,8.06,7.71,596809,469216320.0,4.53,2.72,0.21,4.29
2020-03-06,000519,7.8,7.79,7.94,7.73,384281,299929488.0,2.64,-1.89,-0.15,2.76
2020-03-09,000519,7.65,7.36,7.67,7.34,386428,289915280.0,4.24,-5.52,-0.43,2.78
2020-03-10,000519,7.24,7.55,7.58,7.21,291687,216131106.0,5.03,2.58,0.19,2.1
2020-03-11,000519,7.57,7.66,7.93,7.54,518263,401307264.0,5.17,1.46,0.11,3.72
2020-03-12,000519,7.52,7.5,7.71,7.44,298144,225672377.0,3.52,-2.09,-0.16,2.14
2020-03-13,000519,7.05,7.33,7.4,7.04,356936,258317565.0,4.8,-2.27,-0.17,2.57
2020-03-16,000519,7.36,7.01,7.43,6.97,314989,227229853.0,6.28,-4.37,-0.32,2.26
2020-03-17,000519,7.1,7.0,7.15,6.74,240417,167029695.0,5.85,-0.14,-0.01,1.73
2020-03-18,000519,7.06,6.8,7.12,6.78,228077,159230059.0,4.86,-2.86,-0.2,1.64
2020-03-19,000519,6.81,6.92,6.93,6.71,191832,130573613.0,3.24,1.76,0.12,1.38
2020-03-20,000519,6.98,7.02,7.07,6.91,166708,116583036.0,2.31,1.45,0.1,1.2
2020-03-23,000519,6.82,6.81,6.97,6.77,148251,101753538.0,2.85,-2.99,-0.21,1.07
2020-03-24,000519,6.93,6.96,6.97,6.8,163035,112417468.0,2.5,2.2,0.15,1.17
2020-03-25,000519,7.09,7.14,7.25,6.98,282257,200243297.0,3.88,2.59,0.18,2.03
2020-03-26,000519,7.06,6.98,7.09,6.97,185333,130273160.0,1.68,-2.24,-0.16,1.33
2020-03-27,000519,7.05,6.99,7.08,6.98,137110,96278432.0,1.43,0.14,0.01,0.99
2020-03-30,000519,6.88,7.04,7.17,6.72,293956,203829223.0,6.44,0.72,0.05,2.11
2020-03-31,000519,7.01,6.98,7.15,6.94,180289,126515975.0,2.98,-0.85,-0.06,1.3
2020-04-01,000519,6.96,6.85,7.05,6.85,145898,101461345.0,2.87,-1.86,-0.13,1.05
2020-04-02,000519,6.8,6.97,6.98,6.77,143785,99252434.0,3.07,1.75,0.12,1.03
2020-04-03,000519,6.96,6.98,7.08,6.89,179420,125391597.0,2.73,0.14,0.01,1.29
2020-04-07,000519,7.1,7.33,7.43,7.08,438826,320265056.0,5.01,5.01,0.35,3.15
2020-04-08,000519,7.27,8.06,8.06,7.27,841244,653564048.0,10.78,9.96,0.73,6.05
2020-04-09,000519,8.14,8.11,8.54,8.04,1460135,1204942576.0,6.2,0.62,0.05,10.49
2020-04-10,000519,8.07,8.62,8.92,7.97,1830291,1563497056.0,11.71,6.29,0.51,13.15
2020-04-13,000519,8.44,8.86,9.3,8.16,1597510,1387667264.0,13.23,2.78,0.24,11.48
2020-04-14,000519,8.6,8.73,8.92,8.49,1146499,995758256.0,4.85,-1.47,-0.13,8.24
2020-04-15,000519,8.63,8.5,9.1,8.47,1319033,1156929056.0,7.22,-2.63,-0.23,9.48
2020-04-16,000519,8.41,9.03,9.18,8.3,1582291,1394204096.0,10.35,6.24,0.53,11.37
2020-04-17,000519,8.86,8.59,8.93,8.47,1219788,1059917088.0,5.09,-4.87,-0.44,8.77
2020-04-20,000519,8.54,8.83,8.97,8.5,1037124,907231520.0,5.47,2.79,0.24,7.45
2020-04-21,000519,8.7,8.98,9.68,8.6,1740045,1579346960.0,12.23,1.7,0.15,12.5
2020-04-22,000519,8.72,8.79,8.89,8.51,1037237,902856720.0,4.23,-2.12,-0.19,7.45
2020-04-23,000519,8.8,9.36,9.43,8.65,1572376,1437239120.0,8.87,6.48,0.57,11.3
2020-04-24,000519,9.16,9.69,10.19,8.93,1761134,1666908832.0,13.46,3.53,0.33,12.66
2020-04-27,000519,9.3,8.97,9.46,8.93,1145317,1047024544.0,5.47,-7.43,-0.72,8.23
2020-04-28,000519,8.75,8.12,8.87,8.07,1143801,951643312.0,8.92,-9.48,-0.85,8.22
2020-04-29,000519,8.01,8.18,8.43,7.99,721964,596218304.0,5.42,0.74,0.06,5.19
2020-04-30,000519,8.18,8.39,8.48,8.07,712463,591234288.0,5.01,2.57,0.21,5.12
2020-05-06,000519,8.27,8.48,8.59,8.23,646577,545466592.0,4.29,1.07,0.09,4.65
2020-05-07,000519,8.54,8.57,8.76,8.46,797297,687395232.0,3.54,1.06,0.09,5.73
2020-05-08,000519,8.5,8.47,8.7,8.41,718591,613998640.0,3.38,-1.17,-0.1,5.16
2020-05-11,000519,8.61,8.93,9.16,8.53,1029130,907741568.0,7.44,5.43,0.46,7.4
2020-05-12,000519,8.95,9.12,9.29,8.82,1076711,979353200.0,5.26,2.13,0.19,7.74
2020-05-13,000519,9.0,9.04,9.17,8.85,659813,593817264.0,3.51,-0.88,-0.08,4.74
2020-05-14,000519,8.99,9.4,9.75,8.95,1252360,1170269648.0,8.85,3.98,0.36,9.0
2020-05-15,000519,9.3,9.48,9.65,9.23,1004601,949769504.0,4.47,0.85,0.08,7.22
2020-05-18,000519,9.4,9.85,9.99,9.32,1168334,1133780464.0,7.07,3.9,0.37,8.4
2020-05-19,000519,9.73,9.74,9.79,9.5,947388,911408128.0,2.94,-1.12,-0.11,6.81
2020-05-20,000519,9.68,9.08,9.81,9.03,1131564,1051749040.0,8.01,-6.78,-0.66,8.13
2020-05-21,000519,9.09,9.15,9.24,8.85,732525,661232864.0,4.3,0.77,0.07,5.26
2020-05-22,000519,9.06,8.62,9.09,8.6,619597,546282352.0,5.36,-5.79,-0.53,4.45
2020-05-25,000519,8.63,8.5,8.76,8.42,409521,350456400.0,3.94,-1.39,-0.12,2.94
2020-05-26,000519,8.51,8.69,8.69,8.45,425750,365085296.0,2.82,2.24,0.19,3.06
2020-05-27,000519,8.64,8.76,8.87,8.56,508697,443699872.0,3.57,0.81,0.07,3.66
2020-05-28,000519,8.7,8.94,8.94,8.57,628255,552236464.0,4.22,2.05,0.18,4.51
2020-05-29,000519,8.89,9.06,9.12,8.77,630182,564872944.0,3.91,1.34,0.12,4.53
2020-06-01,000519,8.96,9.14,9.17,8.91,646226,586540640.0,2.87,0.88,0.08,4.64
2020-06-02,000519,9.11,9.12,9.44,9.04,760763,702253984.0,4.38,-0.22,-0.02,5.47
2020-06-03,000519,9.04,8.71,9.09,8.7,763243,675381776.0,4.28,-4.5,-0.41,5.49
2020-06-04,000519,8.68,8.61,8.85,8.6,426607,370801392.0,2.87,-1.15,-0.1,3.07
2020-06-05,000519,8.64,8.61,8.67,8.52,309843,266093106.0,1.74,0.0,0.0,2.23
2020-06-08,000519,8.61,8.49,8.65,8.47,327183,279985616.0,2.09,-1.39,-0.12,2.35
2020-06-09,000519,8.51,8.8,8.8,8.45,506823,438212128.0,4.12,3.65,0.31,3.64
2020-06-10,000519,8.72,8.68,8.87,8.65,341713,299113632.0,2.5,-1.36,-0.12,2.46
2020-06-11,000519,8.66,8.61,8.74,8.52,309150,266409062.0,2.53,-0.81,-0.07,2.22
2020-06-12,000519,8.57,8.89,8.94,8.51,660942,582831232.0,4.99,3.25,0.28,4.75
2020-06-15,000519,8.74,8.6,8.78,8.6,429185,372692144.0,2.02,-3.26,-0.29,3.08
2020-06-16,000519,8.67,8.9,8.9,8.62,479782,421129920.0,3.26,3.49,0.3,3.45
2020-06-17,000519,9.3,9.34,9.77,9.15,1529034,1443689952.0,6.97,4.94,0.44,10.99
2020-06-18,000519,9.21,9.18,9.42,9.08,902302,830750208.0,3.64,-1.71,-0.16,6.48
2020-06-19,000519,9.08,9.02,9.18,8.95,647602,584137040.0,2.51,-1.74,-0.16,4.65
2020-06-22,000519,9.05,9.4,9.43,8.96,956105,881509968.0,5.21,4.21,0.38,6.87
2020-06-23,000519,9.33,9.12,9.34,9.09,580875,534490832.0,2.66,-2.98,-0.28,4.17
2020-06-24,000519,9.05,9.13,9.26,8.97,530853,483423664.0,3.18,0.11,0.01,3.81
2020-06-29,000519,9.07,9.26,9.48,9.05,748310,698001776.0,4.71,1.42,0.13,5.38
2020-06-30,000519,9.2,9.42,9.42,9.11,702937,653558288.0,3.35,1.73,0.16,5.05
2020-07-01,000519,9.4,9.51,9.59,9.2,844326,793685840.0,4.14,0.96,0.09,6.07
2020-07-02,000519,9.38,9.56,9.66,9.31,775109,735579040.0,3.68,0.53,0.05,5.57
2020-07-03,000519,9.55,9.47,9.64,9.4,676738,642405328.0,2.51,-0.94,-0.09,4.86
2020-07-06,000519,9.47,9.92,10.07,9.44,1114893,1092814704.0,6.65,4.75,0.45,8.01
2020-07-07,000519,9.88,9.94,10.32,9.75,1231782,1237460528.0,5.75,0.2,0.02,8.85
2020-07-08,000519,10.0,10.93,10.93,9.91,1476340,1567355696.0,10.26,9.96,0.99,10.61
2020-07-09,000519,11.27,11.42,11.79,11.06,1714560,1944968592.0,6.68,4.48,0.49,12.32
2020-07-10,000519,11.29,10.98,11.37,10.83,1166256,1293677520.0,4.73,-3.85,-0.44,8.38
2020-07-13,000519,11.0,11.36,11.4,10.84,1018128,1137301600.0,5.1,3.46,0.38,7.32
2020-07-14,000519,11.3,11.15,11.88,10.95,1106296,1259004080.0,8.19,-1.85,-0.21,7.95
2020-07-15,000519,11.22,10.61,11.27,10.57,801304,868765744.0,6.28,-4.84,-0.54,5.76
2020-07-16,000519,10.71,10.19,10.85,10.09,667888,704627664.0,7.16,-3.96,-0.42,4.8
2020-07-17,000519,10.26,10.6,10.81,10.2,623669,654457632.0,5.99,4.02,0.41,4.48
2020-07-20,000519,10.69,11.54,11.55,10.68,1079761,1208077824.0,8.21,8.87,0.94,7.76
2020-07-21,000519,11.5,11.05,11.5,10.81,888378,983349200.0,5.98,-4.25,-0.49,6.38
2020-07-22,000519,10.95,10.93,11.48,10.87,786399,875849200.0,5.52,-1.09,-0.12,5.65
2020-07-23,000519,11.3,11.6,11.88,11.22,1551901,1791990336.0,6.04,6.13,0.67,11.15
2020-07-24,000519,11.56,11.84,12.71,11.45,2023033,2434715856.0,10.86,2.07,0.24,14.54
2020-07-27,000519,11.65,11.2,11.65,10.82,1138912,1271740272.0,7.01,-5.41,-0.64,8.18
2020-07-28,000519,11.16,11.3,11.63,11.06,808348,915762960.0,5.09,0.89,0.1,5.81
2020-07-29,000519,11.08,11.34,11.44,10.83,849170,946494512.0,5.4,0.35,0.04,6.1
2020-07-30,000519,11.28,11.2,11.65,11.03,823581,927010368.0,5.47,-1.23,-0.14,5.92
2020-07-31,000519,11.11,11.21,11.38,10.95,715385,796070304.0,3.84,0.09,0.01,5.14
2020-08-03,000519,11.28,11.91,11.95,11.18,1220673,1422470448.0,6.87,6.24,0.7,8.77
2020-08-04,000519,12.01,11.59,12.01,11.48,936153,1090141520.0,4.45,-2.69,-0.32,6.73
2020-08-05,000519,11.47,12.16,12.3,11.37,1245545,1487636112.0,8.02,4.92,0.57,8.95
2020-08-06,000519,12.0,12.52,13.0,11.9,1491460,1861346176.0,9.05,2.96,0.36,10.72
2020-08-07,000519,12.48,12.5,12.83,12.0,1207579,1496328416.0,6.63,-0.16,-0.02,8.68
2020-08-10,000519,12.2,12.04,13.25,12.0,1218776,1526821632.0,10.0,-3.68,-0.46,8.76
2020-08-11,000519,11.9,11.58,12.3,11.57,919266,1091761104.0,6.06,-3.82,-0.46,6.61
2020-08-12,000519,11.45,11.01,11.5,10.69,841398,929838656.0,6.99,-4.92,-0.57,6.05
2020-08-13,000519,11.0,11.0,11.17,10.84,470615,518268192.0,3.0,-0.09,-0.01,3.38
2020-08-14,000519,10.98,11.28,11.38,10.93,601849,676442784.0,4.09,2.55,0.28,4.33
2020-08-17,000519,11.32,11.44,11.56,11.14,649007,741377616.0,3.72,1.42,0.16,4.66
2020-08-18,000519,11.39,11.54,11.67,11.33,662915,763650064.0,2.97,0.87,0.1,4.76
2020-08-19,000519,11.41,11.2,11.56,11.16,595217,674838384.0,3.47,-2.95,-0.34,4.28
2020-08-20,000519,11.08,10.94,11.27,10.88,415652,459055008.0,3.48,-2.32,-0.26,2.99
2020-08-21,000519,10.93,10.75,11.1,10.62,384125,416503408.0,4.39,-1.74,-0.19,2.76
2020-08-24,000519,10.88,10.9,10.95,10.77,255206,277677424.0,1.67,1.4,0.15,1.83
2020-08-25,000519,11.03,10.75,11.1,10.65,343823,373416128.0,4.13,-1.38,-0.15,2.47
2020-08-26,000519,10.77,10.45,10.81,10.29,374991,394766800.0,4.84,-2.79,-0.3,2.69
2020-08-27,000519,10.46,10.63,10.74,10.28,322947,339654848.0,4.4,1.72,0.18,2.32
2020-08-28,000519,10.63,10.92,11.03,10.6,431391,469562240.0,4.05,2.73,0.29,3.1
2020-08-31,000519,10.9,10.96,11.18,10.87,426534,469331120.0,2.84,0.37,0.04,3.07
2020-09-01,000519,11.27,11.5,11.67,11.21,821848,941683712.0,4.2,4.93,0.54,5.91
2020-09-02,000519,11.35,11.28,11.41,11.16,499971,563704512.0,2.17,-1.91,-0.22,3.59
2020-09-03,000519,11.26,11.94,12.2,11.03,1036267,1207404000.0,10.37,5.85,0.66,7.45
2020-09-04,000519,11.6,11.8,11.92,11.55,624991,732730208.0,3.1,-1.17,-0.14,4.49
2020-09-07,000519,11.69,11.54,11.95,11.38,724374,840161040.0,4.83,-2.2,-0.26,5.21
2020-09-08,000519,11.71,11.77,11.93,11.4,729242,854641264.0,4.59,1.99,0.23,5.24
2020-09-09,000519,11.6,12.21,12.58,11.52,1287663,1549492080.0,9.01,3.74,0.44,9.25
2020-09-10,000519,12.05,11.01,12.14,10.99,957172,1107296864.0,9.42,-9.83,-1.2,6.88
2020-09-11,000519,10.77,10.64,10.77,10.28,587541,619787312.0,4.45,-3.36,-0.37,4.22
2020-09-14,000519,10.66,10.54,10.78,10.45,423200,449124336.0,3.1,-0.94,-0.1,3.04
2020-09-15,000519,10.51,10.56,10.71,10.38,384510,405352240.0,3.13,0.19,0.02,2.76
2020-09-16,000519,10.48,10.19,10.49,10.08,460619,471189088.0,3.88,-3.5,-0.37,3.31
2020-09-17,000519,10.19,10.12,10.28,9.94,343518,347402000.0,3.34,-0.69,-0.07,2.47
2020-09-18,000519,10.16,10.35,10.38,10.12,343809,353071216.0,2.57,2.27,0.23,2.47
2020-09-21,000519,10.4,10.75,10.93,10.39,589320,632549904.0,5.22,3.86,0.4,4.24
2020-09-22,000519,10.56,10.6,10.74,10.46,319834,338051120.0,2.6,-1.4,-0.15,2.3
2020-09-23,000519,10.54,10.53,10.61,10.4,227446,238275137.0,1.98,-0.66,-0.07,1.63
2020-09-24,000519,10.41,10.15,10.45,10.14,258925,265411679.0,2.94,-3.61,-0.38,1.86
2020-09-25,000519,10.17,10.28,10.41,10.17,222513,228798615.0,2.36,1.28,0.13,1.6
2020-09-28,000519,10.28,10.1,10.28,10.03,206545,209269926.0,2.43,-1.75,-0.18,1.48
2020-09-29,000519,10.17,10.4,10.52,10.17,319443,332065680.0,3.47,2.97,0.3,2.3
2020-09-30,000519,10.4,10.51,10.55,10.22,297432,310163728.0,3.17,1.06,0.11,2.14
2020-10-09,000519,10.59,10.71,10.72,10.49,383680,407629024.0,2.19,1.9,0.2,2.76
2020-10-12,000519,10.61,10.93,11.05,10.61,484495,524894432.0,4.11,2.05,0.22,3.48
2020-10-13,000519,10.85,10.94,11.12,10.71,445361,484868416.0,3.75,0.09,0.01,3.2
2020-10-14,000519,10.99,10.75,11.18,10.7,381353,415804912.0,4.39,-1.74,-0.19,2.74
2020-10-15,000519,10.68,10.6,10.85,10.58,271574,290079968.0,2.51,-1.4,-0.15,1.95
2020-10-16,000519,10.59,10.48,10.64,10.39,219736,230578450.0,2.36,-1.13,-0.12,1.58
2020-10-19,000519,10.55,10.54,10.72,10.5,256239,271903696.0,2.1,0.57,0.06,1.84
2020-10-20,000519,10.5,10.46,10.51,10.28,216546,224410180.0,2.18,-0.76,-0.08,1.56
2020-10-21,000519,10.43,10.25,10.44,10.16,200133,205841790.0,2.68,-2.01,-0.21,1.44
2020-10-22,000519,10.19,10.28,10.32,10.09,147971,151018278.0,2.24,0.29,0.03,1.06
2020-10-23,000519,10.23,10.33,10.49,10.22,198423,205569139.0,2.63,0.49,0.05,1.43
2020-10-26,000519,10.28,10.19,10.29,10.08,156715,159584147.0,2.03,-1.36,-0.14,1.13
2020-10-27,000519,10.15,10.37,10.43,10.11,176975,182808685.0,3.14,1.77,0.18,1.27
2020-10-28,000519,10.32,10.28,10.33,10.12,159098,162666462.0,2.03,-0.87,-0.09,1.14
2020-10-29,000519,10.1,10.13,10.22,10.06,174631,177336817.0,1.56,-1.46,-0.15,1.25
2020-10-30,000519,10.2,9.88,10.39,9.86,274331,277910400.0,5.23,-2.47,-0.25,1.97
2020-11-02,000519,9.87,9.42,9.93,9.3,374851,356176560.0,6.38,-4.66,-0.46,2.69
2020-11-03,000519,9.41,9.69,9.74,9.41,228129,218704812.0,3.5,2.87,0.27,1.64
2020-11-04,000519,9.65,9.74,9.85,9.46,246736,238655060.0,4.02,0.52,0.05,1.77
2020-11-05,000519,9.69,9.77,9.79,9.63,225476,219264540.0,1.64,0.31,0.03,1.62
2020-11-06,000519,9.77,9.55,9.77,9.43,229405,219671612.0,3.48,-2.25,-0.22,1.65
2020-11-09,000519,9.54,9.71,9.75,9.46,284685,274597520.0,3.04,1.68,0.16,2.05
2020-11-10,000519,9.75,9.62,9.82,9.56,219747,213036493.0,2.68,-0.93,-0.09,1.58
2020-11-11,000519,9.63,9.42,9.67,9.41,185139,175970225.0,2.7,-2.08,-0.2,1.33
2020-11-12,000519,9.48,9.32,9.5,9.3,152218,142401912.0,2.12,-1.06,-0.1,1.09
2020-11-13,000519,9.34,9.38,9.49,9.16,220089,205121454.0,3.54,0.64,0.06,1.58
2020-11-16,000519,9.35,9.5,9.51,9.35,177216,167177856.0,1.71,1.28,0.12,1.27
2020-11-17,000519,9.44,9.38,9.49,9.34,122341,114834446.0,1.58,-1.26,-0.12,0.88
2020-11-18,000519,9.36,9.57,9.73,9.33,238457,227822861.0,4.26,2.03,0.19,1.71
2020-11-19,000519,9.59,9.96,10.0,9.54,533232,524588720.0,4.81,4.08,0.39,3.83
2020-11-20,000519,10.13,9.94,10.2,9.86,409239,409061984.0,3.41,-0.2,-0.02,2.94
2020-11-23,000519,9.95,9.91,10.02,9.77,340675,336434432.0,2.52,-0.3,-0.03,2.45
2020-11-24,000519,9.85,9.96,10.09,9.82,280824,280468560.0,2.72,0.5,0.05,2.02
2020-11-25,000519,9.9,9.74,9.97,9.72,227225,223883747.0,2.51,-2.21,-0.22,1.63
2020-11-26,000519,9.79,9.89,10.02,9.73,380968,376765904.0,2.98,1.54,0.15,2.74
2020-11-27,000519,9.9,10.25,10.38,9.89,709084,724111584.0,4.95,3.64,0.36,5.1
2020-11-30,000519,10.16,10.1,10.3,10.03,569698,578207600.0,2.63,-1.46,-0.15,4.09
2020-12-01,000519,10.02,10.11,10.2,9.92,375841,378189968.0,2.77,0.1,0.01,2.7
2020-12-02,000519,10.1,9.99,10.15,9.95,320806,321141264.0,1.98,-1.19,-0.12,2.31
2020-12-03,000519,9.96,9.86,9.99,9.84,235775,233058946.0,1.5,-1.3,-0.13,1.69
2020-12-04,000519,9.84,10.0,10.03,9.78,251020,249082245.0,2.54,1.42,0.14,1.8
2020-12-07,000519,9.96,9.92,10.04,9.88,214956,213952458.0,1.6,-0.8,-0.08,1.54
2020-12-08,000519,9.83,9.4,9.83,9.35,515232,490651600.0,4.84,-5.24,-0.52,3.7
2020-12-09,000519,9.38,9.33,9.55,9.32,234045,220284409.0,2.45,-0.74,-0.07,1.68
2020-12-10,000519,9.3,9.28,9.4,9.2,170423,158354575.0,2.14,-0.54,-0.05,1.22
2020-12-11,000519,9.3,9.27,9.33,9.18,208766,193248143.0,1.62,-0.11,-0.01,1.5
2020-12-14,000519,9.27,9.31,9.33,9.12,149857,138750053.0,2.27,0.43,0.04,1.08
2020-12-15,000519,9.29,9.36,9.37,9.22,137462,127908059.0,1.61,0.54,0.05,0.99
2020-12-16,000519,9.32,9.15,9.37,9.14,158033,145858823.0,2.46,-2.24,-0.21,1.14
2020-12-17,000519,9.09,9.03,9.15,8.75,289286,258220635.0,4.37,-1.31,-0.12,2.08
2020-12-18,000519,9.03,9.06,9.19,9.0,173968,158092013.0,2.1,0.33,0.03,1.25
2020-12-21,000519,9.05,9.3,9.34,9.02,226733,209171784.0,3.53,2.65,0.24,1.63
2020-12-22,000519,9.28,9.13,9.42,9.12,232600,215716440.0,3.23,-1.83,-0.17,1.67
2020-12-23,000519,9.15,9.35,9.36,9.05,243869,225211457.0,3.4,2.41,0.22,1.75
2020-12-24,000519,9.38,9.53,9.8,9.36,540902,518300800.0,4.71,1.93,0.18,3.89
2020-12-25,000519,9.41,9.44,9.57,9.31,272804,257271801.0,2.73,-0.94,-0.09,1.96
2020-12-28,000519,9.5,9.57,9.75,9.35,315134,300277008.0,4.24,1.38,0.13,2.26
2020-12-29,000519,9.56,9.58,9.75,9.41,317858,304539984.0,3.55,0.1,0.01,2.28
2020-12-30,000519,9.51,9.66,9.73,9.35,357683,341879936.0,3.97,0.84,0.08,2.57
2020-12-31,000519,9.63,10.02,10.14,9.6,647256,643109552.0,5.59,3.73,0.36,4.65
2021-01-04,000519,10.18,10.39,10.45,10.06,797895,824116720.0,3.89,3.69,0.37,5.73
2021-01-05,000519,10.31,10.56,10.92,10.27,834073,885167952.0,6.26,1.64,0.17,5.99
2021-01-06,000519,10.45,10.59,10.83,10.37,678835,719737072.0,4.36,0.28,0.03,4.88
2021-01-07,000519,10.48,10.58,10.68,10.36,628784,661377616.0,3.02,-0.09,-0.01,4.52
2021-01-08,000519,10.57,10.26,10.57,10.01,511384,521174480.0,5.29,-3.02,-0.32,3.68
2021-01-11,000519,10.2,10.01,10.4,9.91,471342,478607232.0,4.78,-2.44,-0.25,3.39
2021-01-12,000519,10.03,11.01,11.01,10.01,448032,482776336.0,9.99,9.99,1.0,3.22
2021-01-13,000519,11.4,10.86,11.47,10.75,1132177,1252465488.0,6.54,-1.36,-0.15,8.14
2021-01-14,000519,10.88,10.31,10.99,10.21,692553,724259536.0,7.18,-5.06,-0.55,4.98
2021-01-15,000519,10.2,10.37,10.49,10.09,472664,487179584.0,3.88,0.58,0.06,3.4
2021-01-18,000519,10.38,10.7,10.95,10.36,610737,654767408.0,5.69,3.18,0.33,4.39
2021-01-19,000519,10.59,10.79,10.9,10.51,594644,638960048.0,3.64,0.84,0.09,4.27
2021-01-20,000519,10.68,10.82,10.84,10.41,516194,550423008.0,3.99,0.28,0.03,3.71
2021-01-21,000519,10.71,10.83,11.06,10.64,543176,591309328.0,3.88,0.09,0.01,3.9
2021-01-22,000519,10.77,10.65,10.82,10.54,421079,448177152.0,2.59,-1.66,-0.18,3.03
2021-01-25,000519,10.6,11.05,11.05,10.44,663520,717756768.0,5.73,3.76,0.4,4.77
2021-01-26,000519,10.94,10.28,10.94,10.09,633203,665997152.0,7.69,-6.97,-0.77,4.55
2021-01-27,000519,10.21,10.0,10.32,9.92,351764,353075760.0,3.89,-2.72,-0.28,2.53
2021-01-28,000519,9.78,9.54,9.92,9.45,391944,378673104.0,4.7,-4.6,-0.46,2.82
2021-01-29,000519,9.6,9.18,9.65,8.96,358249,331400960.0,7.23,-3.77,-0.36,2.57
2021-02-01,000519,9.09,9.25,9.26,9.03,219547,201000250.0,2.51,0.76,0.07,1.58
2021-02-02,000519,9.21,9.18,9.25,9.06,220991,201955509.0,2.05,-0.76,-0.07,1.59
2021-02-03,000519,9.15,8.79,9.15,8.78,306118,272804080.0,4.03,-4.25,-0.39,2.2
2021-02-04,000519,8.72,8.66,8.88,8.45,238744,206427337.0,4.89,-1.48,-0.13,1.72
2021-02-05,000519,8.82,8.77,9.19,8.74,274283,245056697.0,5.2,1.27,0.11,1.97
2021-02-08,000519,8.77,8.86,8.89,8.56,177569,155674596.0,3.76,1.03,0.09,1.28
2021-02-09,000519,8.84,9.07,9.15,8.78,232375,209541179.0,4.18,2.37,0.21,1.67
2021-02-10,000519,9.05,9.01,9.06,8.92,171155,153785395.0,1.54,-0.66,-0.06,1.23
2021-02-18,000519,9.12,9.14,9.25,9.05,249506,227913763.0,2.22,1.44,0.13,1.79
2021-02-19,000519,9.15,9.3,9.31,9.09,231233,213499379.0,2.41,1.75,0.16,1.66
2021-02-22,000519,9.34,9.22,9.48,9.2,353760,330535984.0,3.01,-0.86,-0.08,2.54
2021-02-23,000519,9.15,9.28,9.39,8.99,356897,329600240.0,4.34,0.65,0.06,2.56
2021-02-24,000519,9.38,9.29,9.44,9.18,269970,251223752.0,2.8,0.11,0.01,1.94
2021-02-25,000519,9.28,9.17,9.35,9.15,209760,193558974.0,2.15,-1.29,-0.12,1.51
2021-02-26,000519,9.05,9.03,9.21,9.0,179469,162921338.0,2.29,-1.53,-0.14,1.29
2021-03-01,000519,9.08,9.17,9.17,9.04,166191,151574405.0,1.44,1.55,0.14,1.19
2021-03-02,000519,9.17,9.37,9.38,9.1,303165,279932992.0,3.05,2.18,0.2,2.18
2021-03-03,000519,9.33,9.37,9.37,9.22,223814,208327162.0,1.6,0.0,0.0,1.61
2021-03-04,000519,9.31,9.4,9.55,9.29,323170,304886496.0,2.77,0.32,0.03,2.32
2021-03-05,000519,9.34,9.38,9.41,9.21,199706,186335323.0,2.13,-0.21,-0.02,1.44
2021-03-08,000519,9.42,9.09,9.46,9.08,302523,279565536.0,4.05,-3.09,-0.29,2.17
2021-03-09,000519,9.04,8.8,9.1,8.63,253107,224318029.0,5.17,-3.19,-0.29,1.82
2021-03-10,000519,8.85,8.74,8.89,8.7,136872,120344015.0,2.16,-0.68,-0.06,0.98
2021-03-11,000519,8.72,8.83,8.86,8.62,136237,119669177.0,2.75,1.03,0.09,0.98
2021-03-12,000519,8.84,8.75,8.86,8.7,137242,119991723.0,1.81,-0.91,-0.08,0.99
2021-03-15,000519,8.75,8.89,8.9,8.73,167924,148260687.0,1.94,1.6,0.14,1.21
2021-03-16,000519,8.88,8.9,8.92,8.82,118009,104764977.0,1.12,0.11,0.01,0.85
2021-03-17,000519,8.9,9.03,9.12,8.87,211982,190764311.0,2.81,1.46,0.13,1.52
2021-03-18,000519,8.97,8.97,9.1,8.95,162224,146096753.0,1.66,-0.66,-0.06,1.17
2021-03-19,000519,8.9,9.03,9.11,8.82,278332,250084961.0,3.23,0.67,0.06,2.0
2021-03-22,000519,8.98,9.03,9.08,8.9,194476,174963883.0,1.99,0.0,0.0,1.4
2021-03-23,000519,9.03,8.9,9.04,8.85,166386,148659771.0,2.1,-1.44,-0.13,1.2
2021-03-24,000519,8.88,8.85,8.95,8.81,146712,130122687.0,1.57,-0.56,-0.05,1.05
2021-03-25,000519,8.85,8.88,8.92,8.82,87655,77822453.0,1.13,0.34,0.03,0.63
2021-03-26,000519,8.92,8.95,8.96,8.87,120854,107863000.0,1.01,0.79,0.07,0.87
2021-03-29,000519,8.98,9.09,9.15,8.92,245007,221926989.0,2.57,1.56,0.14,1.76
2021-03-30,000519,9.07,9.12,9.23,9.03,255805,234008715.0,2.2,0.33,0.03,1.84
2021-03-31,000519,9.09,8.88,9.1,8.84,203926,181479764.0,2.85,-2.63,-0.24,1.47
2021-04-01,000519,8.83,8.8,8.87,8.77,137235,120812951.0,1.13,-0.9,-0.08,0.99
2021-04-02,000519,8.77,8.82,8.85,8.77,90934,80108098.0,0.91,0.23,0.02,0.65
2021-04-06,000519,8.84,8.94,9.01,8.84,164217,146790852.0,1.93,1.36,0.12,1.18
2021-04-07,000519,8.94,8.96,8.99,8.89,141616,126454307.0,1.12,0.22,0.02,1.02
2021-04-08,000519,8.94,8.89,9.0,8.84,130964,116745931.0,1.79,-0.78,-0.07,0.94
2021-04-09,000519,8.89,8.9,8.94,8.85,104708,93026521.0,1.01,0.11,0.01,0.75
2021-04-12,000519,8.9,8.83,8.92,8.8,115436,102108694.0,1.35,-0.79,-0.07,0.83
2021-04-13,000519,8.82,8.66,8.85,8.64,138305,120289019.0,2.38,-1.93,-0.17,0.99
2021-04-14,000519,8.63,8.67,8.7,8.6,102251,88456043.0,1.15,0.12,0.01,0.73
2021-04-15,000519,8.85,9.14,9.54,8.71,673807,617616064.0,9.57,5.42,0.47,4.84
2021-04-16,000519,9.04,9.25,9.4,8.98,516919,474325168.0,4.6,1.2,0.11,3.71
2021-04-19,000519,9.2,9.24,9.34,9.15,357019,329550128.0,2.05,-0.11,-0.01,2.57
2021-04-20,000519,9.25,9.53,9.76,9.18,638244,603813168.0,6.28,3.14,0.29,4.59
2021-04-21,000519,9.46,9.35,9.49,9.3,342025,321187616.0,1.99,-1.89,-0.18,2.46
2021-04-22,000519,9.31,9.63,9.72,9.26,546814,520271488.0,4.92,2.99,0.28,3.93
2021-04-23,000519,9.58,9.99,10.16,9.54,791676,784304016.0,6.44,3.74,0.36,5.69
2021-04-26,000519,9.96,9.77,10.23,9.76,561052,558777712.0,4.7,-2.2,-0.22,4.03
2021-04-27,000519,9.78,9.58,9.8,9.23,507852,481521360.0,5.83,-1.94,-0.19,3.65
2021-04-28,000519,9.51,9.72,9.8,9.31,452696,432994800.0,5.11,1.46,0.14,3.25
2021-04-29,000519,9.8,9.71,10.2,9.65,657696,653654560.0,5.66,-0.1,-0.01,4.73
2021-04-30,000519,9.66,10.46,10.68,9.66,1340136,1395388720.0,10.5,7.72,0.75,9.63
2021-05-06,000519,10.63,10.74,11.33,10.55,1174439,1273195856.0,7.46,2.68,0.28,8.44
2021-05-07,000519,10.89,10.79,11.09,10.57,818857,886340800.0,4.84,0.47,0.05,5.88
2021-05-10,000519,10.85,11.87,11.87,10.79,1041403,1200795488.0,10.01,10.01,1.08,7.48
2021-05-11,000519,12.06,11.91,12.33,11.71,1206239,1451672880.0,5.22,0.34,0.04,8.67
2021-05-12,000519,11.72,11.49,11.98,11.31,796863,915588944.0,5.63,-3.53,-0.42,5.73
2021-05-13,000519,11.43,11.47,11.77,11.33,689400,794715536.0,3.83,-0.17,-0.02,4.95
2021-05-14,000519,11.36,12.46,12.56,10.93,883224,1024467136.0,14.21,8.63,0.99,6.35
2021-05-17,000519,12.28,11.87,12.5,11.69,834311,1007908448.0,6.5,-4.74,-0.59,6.0
2021-05-18,000519,11.79,12.49,12.98,11.7,868407,1077313856.0,10.78,5.22,0.62,6.24
2021-05-19,000519,12.4,12.44,13.03,12.22,773517,971823440.0,6.49,-0.4,-0.05,5.56
2021-05-20,000519,12.38,11.92,12.58,11.87,621775,750781008.0,5.71,-4.18,-0.52,4.47
2021-05-21,000519,11.9,11.54,11.98,11.47,605612,707052272.0,4.28,-3.19,-0.38,4.35
2021-05-24,000519,11.92,12.33,12.69,11.92,1453219,1813558560.0,6.67,6.85,0.79,10.44
2021-05-25,000519,12.15,12.33,12.44,11.73,1016652,1235164320.0,5.76,0.0,0.0,7.31
2021-05-26,000519,12.2,12.08,12.68,12.04,738512,909974000.0,5.19,-2.03,-0.25,5.31
2021-05-27,000519,12.04,12.02,12.17,11.75,632464,756745104.0,3.48,-0.5,-0.06,4.55
2021-05-28,000519,12.03,11.74,12.13,11.67,650507,771486832.0,3.83,-2.33,-0.28,4.67
2021-05-31,000519,11.98,11.94,12.16,11.74,763900,910974864.0,3.58,1.7,0.2,5.49
2021-06-01,000519,11.78,11.96,12.42,11.39,1015197,1212096032.0,8.63,0.17,0.02,7.3
2021-06-02,000519,11.8,11.34,12.09,11.31,794801,926600016.0,6.52,-5.18,-0.62,5.71
2021-06-03,000519,11.2,11.02,11.46,10.98,583144,650559552.0,4.23,-2.82,-0.32,4.19
2021-06-04,000519,11.0,10.96,11.16,10.86,524750,576366000.0,2.72,-0.54,-0.06,3.77
2021-06-07,000519,11.01,11.17,11.28,10.94,434034,482565360.0,3.1,1.92,0.21,3.12
2021-06-08,000519,11.09,11.35,11.43,10.92,507552,565350112.0,4.57,1.61,0.18,3.65
2021-06-09,000519,11.21,11.14,11.34,11.04,489535,547409056.0,2.64,-1.85,-0.21,3.52
2021-06-10,000519,11.18,11.49,11.54,11.03,672925,761247056.0,4.58,3.14,0.35,4.84
2021-06-11,000519,11.39,11.08,11.41,11.06,481680,538833760.0,3.05,-3.57,-0.41,3.46
2021-06-15,000519,11.0,10.7,11.02,10.6,487578,526351552.0,3.79,-3.43,-0.38,3.5
2021-06-16,000519,10.68,10.63,10.75,10.36,336752,356111168.0,3.64,-0.65,-0.07,2.42
2021-06-17,000519,10.57,10.67,10.74,10.49,279980,297194592.0,2.35,0.38,0.04,2.01
2021-06-18,000519,10.6,10.88,10.93,10.57,368286,397923024.0,3.37,1.97,0.21,2.65
2021-06-21,000519,10.86,11.21,11.22,10.79,549211,606391888.0,3.95,3.03,0.33,3.95
2021-06-22,000519,11.17,10.96,11.18,10.89,438460,482519264.0,2.59,-2.23,-0.25,3.15
2021-06-23,000519,10.89,10.98,11.08,10.71,436851,476261296.0,3.38,0.18,0.02,3.14
2021-06-24,000519,10.99,10.7,11.13,10.65,368120,399369616.0,4.37,-2.55,-0.28,2.65
2021-06-25,000519,10.7,10.8,10.84,10.65,266731,286729872.0,1.78,0.93,0.1,1.92
2021-06-28,000519,10.85,11.04,11.09,10.8,412825,452920032.0,2.69,2.22,0.24,2.97
2021-06-29,000519,10.99,10.71,11.04,10.58,370765,398223360.0,4.17,-2.99,-0.33,2.66
2021-06-30,000519,10.76,10.72,10.76,10.43,357428,378870864.0,3.08,0.09,0.01,2.57
2021-07-01,000519,10.77,10.19,10.77,10.19,310602,324709440.0,5.41,-4.94,-0.53,2.23
2021-07-02,000519,10.22,10.16,10.26,10.04,213802,217125439.0,2.16,-0.29,-0.03,1.54
2021-07-05,000519,10.17,10.33,10.66,10.14,392593,406864224.0,5.12,1.67,0.17,2.82
2021-07-06,000519,10.27,10.34,10.45,10.21,310288,319956800.0,2.32,0.1,0.01,2.23
2021-07-07,000519,10.23,10.38,10.52,10.14,261213,270826480.0,3.68,0.39,0.04,1.88
2021-07-08,000519,10.3,10.81,10.87,10.29,633322,676865920.0,5.59,4.14,0.43,4.55
2021-07-09,000519,10.72,10.87,10.88,10.55,470872,504138640.0,3.05,0.56,0.06,3.38
2021-07-12,000519,10.9,10.76,10.95,10.75,374411,404903376.0,1.84,-1.01,-0.11,2.69
2021-07-13,000519,10.73,10.72,10.83,10.58,314812,336397280.0,2.32,-0.37,-0.04,2.26
2021-07-14,000519,10.69,10.59,10.77,10.56,261429,278354656.0,1.96,-1.21,-0.13,1.88
2021-07-15,000519,11.59,11.65,11.65,11.23,1183706,1374395072.0,3.97,10.01,1.06,8.51
2021-07-16,000519,11.63,12.58,12.82,11.47,2074119,2547102496.0,11.59,7.98,0.93,14.91
2021-07-19,000519,13.0,13.15,13.37,12.66,1617628,2107027424.0,5.64,4.53,0.57,11.63
2021-07-20,000519,13.02,13.2,13.62,12.88,1357872,1795952032.0,5.63,0.38,0.05,9.76
2021-07-21,000519,13.24,13.62,13.72,12.88,1373661,1816807152.0,6.36,3.18,0.42,9.87
2021-07-22,000519,13.35,12.99,13.38,12.81,988632,1289084304.0,4.19,-4.63,-0.63,7.1
2021-07-23,000519,12.88,13.04,13.58,12.65,1195254,1560630528.0,7.16,0.38,0.05,8.59
2021-07-26,000519,12.98,12.8,13.32,12.52,953513,1235039312.0,6.13,-1.84,-0.24,6.85
2021-07-27,000519,12.7,12.45,13.19,12.45,884963,1137993920.0,5.78,-2.73,-0.35,6.36
2021-07-28,000519,12.2,11.99,12.36,11.43,831126,988338304.0,7.47,-3.69,-0.46,5.97
2021-07-29,000519,12.11,12.31,12.43,12.02,623918,764741984.0,3.42,2.67,0.32,4.48
2021-07-30,000519,12.29,12.33,12.55,12.08,528590,650417536.0,3.82,0.16,0.02,3.8
2021-08-02,000519,12.3,12.5,12.81,12.28,584181,734398288.0,4.3,1.38,0.17,4.2
2021-08-03,000519,12.45,12.3,13.01,12.2,587156,740854176.0,6.48,-1.6,-0.2,4.22
2021-08-04,000519,12.3,12.91,13.09,12.3,667021,856315072.0,6.42,4.96,0.61,4.79
2021-08-05,000519,12.87,12.99,13.29,12.63,763552,991090608.0,5.11,0.62,0.08,5.49
2021-08-06,000519,12.98,12.88,13.05,12.56,514906,660274880.0,3.77,-0.85,-0.11,3.7
2021-08-09,000519,12.88,13.01,13.08,12.61,432379,555572144.0,3.65,1.01,0.13,3.11
2021-08-10,000519,12.94,13.29,13.67,12.84,1007494,1333559584.0,6.38,2.15,0.28,7.24
2021-08-11,000519,13.29,12.89,13.29,12.75,732730,946913248.0,4.06,-3.01,-0.4,5.27
2021-08-12,000519,12.8,12.4,12.84,12.28,585202,728235856.0,4.34,-3.8,-0.49,4.21
2021-08-13,000519,12.38,13.64,13.64,12.35,1359786,1812076640.0,10.4,10.0,1.24,9.77
2021-08-16,000519,14.0,14.65,15.0,13.81,2187052,3185739840.0,8.72,7.4,1.01,15.72
2021-08-17,000519,14.47,13.73,14.47,13.19,2127369,2899633744.0,8.74,-6.28,-0.92,15.29
2021-08-18,000519,13.37,13.41,13.73,12.93,1001817,1340972400.0,5.83,-2.33,-0.32,7.2
2021-08-19,000519,13.51,14.04,14.18,13.28,1123083,1548505104.0,6.71,4.7,0.63,8.07
2021-08-20,000519,14.25,15.08,15.44,13.85,1720111,2564685952.0,11.32,7.41,1.04,12.36
2021-08-23,000519,15.46,15.73,16.25,14.98,1580675,2448511904.0,8.42,4.31,0.65,11.36
2021-08-24,000519,15.13,17.3,17.3,14.8,1536433,2440423456.0,15.89,9.98,1.57,11.04
2021-08-25,000519,17.68,17.72,18.38,17.2,1899313,3381531152.0,6.82,2.43,0.42,13.65
2021-08-26,000519,17.48,18.5,19.35,17.29,1612706,2927391824.0,11.63,4.4,0.78,11.59
2021-08-27,000519,18.48,19.7,20.35,18.11,1790403,3479616144.0,12.11,6.49,1.2,12.87
2021-08-30,000519,19.73,19.37,20.27,18.72,1524302,2975318848.0,7.87,-1.68,-0.33,10.95
2021-08-31,000519,19.26,18.95,19.58,18.5,1007678,1911660992.0,5.58,-2.17,-0.42,7.24
2021-09-01,000519,19.0,18.8,19.79,17.97,1062836,1997955504.0,9.6,-0.79,-0.15,7.64
2021-09-02,000519,18.56,20.2,20.58,18.31,1385795,2738258720.0,12.07,7.45,1.4,9.96
2021-09-03,000519,20.13,19.91,21.47,19.4,1146578,2335894720.0,10.25,-1.44,-0.29,8.24
2021-09-06,000519,20.05,19.09,20.44,17.92,1367469,2566573472.0,12.66,-4.12,-0.82,9.83
2021-09-07,000519,19.1,19.87,20.29,19.05,965776,1913622720.0,6.5,4.09,0.78,6.94
2021-09-08,000519,19.96,18.58,20.07,18.5,955969,1821866608.0,7.9,-6.49,-1.29,6.87
2021-09-09,000519,18.6,19.17,19.28,18.38,859779,1622089936.0,4.84,3.18,0.59,6.18
2021-09-10,000519,19.1,18.84,19.28,18.55,588894,1112313232.0,3.81,-1.72,-0.33,4.23
2021-09-13,000519,18.92,18.57,19.11,18.02,702547,1290676784.0,5.79,-1.43,-0.27,5.05
2021-09-14,000519,18.57,19.55,20.22,18.21,1080542,2098698576.0,10.82,5.28,0.98,7.77
2021-09-15,000519,19.73,21.51,21.51,18.75,1250999,2555569712.0,14.12,10.03,1.96,8.99
2021-09-16,000519,21.42,22.5,23.12,21.03,1162920,2586507344.0,9.72,4.6,0.99,8.36
2021-09-17,000519,22.45,21.69,23.0,20.7,817815,1787083520.0,10.22,-3.6,-0.81,5.88
2021-09-22,000519,21.04,21.52,22.4,21.02,563128,1227446928.0,6.36,-0.78,-0.17,4.05
2021-09-23,000519,21.59,21.89,23.49,21.05,858436,1896995696.0,11.34,1.72,0.37,6.17
2021-09-24,000519,21.4,21.3,22.63,20.75,736519,1594332464.0,8.59,-2.7,-0.59,5.29
2021-09-27,000519,21.26,19.17,21.4,19.17,924018,1819719696.0,10.47,-10.0,-2.13,6.64
2021-09-28,000519,19.02,19.98,20.29,18.88,665477,1316886368.0,7.36,4.23,0.81,4.78
2021-09-29,000519,20.0,18.84,20.35,18.56,641765,1229662640.0,8.96,-5.71,-1.14,4.61
2021-09-30,000519,19.26,18.91,19.58,18.71,506654,969606256.0,4.62,0.37,0.07,3.64
2021-10-08,000519,18.94,19.1,19.62,18.43,530803,1005883008.0,6.29,1.0,0.19,3.81
2021-10-11,000519,18.99,19.73,20.28,18.21,826936,1609263360.0,10.84,3.3,0.63,5.94
2021-10-12,000519,19.6,19.47,21.32,19.01,913792,1847866080.0,11.71,-1.32,-0.26,6.57
2021-10-13,000519,19.47,21.42,21.42,18.5,1004198,2016724912.0,15.0,10.02,1.95,7.22
2021-10-14,000519,21.02,23.03,23.32,20.81,1248790,2767703504.0,11.72,7.52,1.61,8.97
2021-10-15,000519,24.15,25.0,25.33,23.61,1663824,4144175792.0,7.47,8.55,1.97,11.96
2021-10-18,000519,25.34,26.01,26.66,25.0,1236245,3193776416.0,6.64,4.04,1.01,8.88
2021-10-19,000519,25.89,25.85,26.66,25.36,810815,2109023824.0,5.0,-0.62,-0.16,5.83
2021-10-20,000519,26.29,26.85,27.84,26.15,865561,2325834352.0,6.54,3.87,1.0,6.22
2021-10-21,000519,27.0,27.72,28.49,26.75,849580,2352313888.0,6.48,3.24,0.87,6.11
2021-10-22,000519,27.97,26.46,28.15,26.2,809180,2178205312.0,7.03,-4.55,-1.26,5.82
2021-10-25,000519,26.67,26.6,26.89,25.89,666692,1765495792.0,3.78,0.53,0.14,4.79
2021-10-26,000519,26.13,26.15,27.2,25.67,653120,1721935776.0,5.75,-1.69,-0.45,4.69
2021-10-27,000519,26.7,25.95,26.78,25.03,702244,1806808608.0,6.69,-0.76,-0.2,5.05
2021-10-28,000519,26.22,25.28,26.26,24.86,576599,1465300432.0,5.39,-2.58,-0.67,4.14
2021-10-29,000519,25.5,26.6,27.41,25.2,900465,2372072240.0,8.74,5.22,1.32,6.47
2021-11-01,000519,26.0,28.42,29.26,25.61,1214416,3381007296.0,13.72,6.84,1.82,8.73
2021-11-02,000519,28.72,28.64,29.38,28.08,1046656,3002087632.0,4.57,0.77,0.22,7.52
2021-11-03,000519,28.29,26.83,28.29,26.07,1114473,3008596896.0,7.75,-6.32,-1.81,8.01
2021-11-04,000519,27.05,26.85,27.45,26.55,610354,1646602704.0,3.35,0.07,0.02,4.39
2021-11-05,000519,26.71,27.25,28.38,26.41,762356,2094263408.0,7.34,1.49,0.4,5.48
2021-11-08,000519,26.8,29.0,29.3,26.55,724554,2070234336.0,10.09,6.42,1.75,5.21
2021-11-09,000519,28.8,29.49,30.44,28.3,636582,1870415856.0,7.38,1.69,0.49,4.57
2021-11-10,000519,29.43,29.21,30.07,28.29,545822,1590286320.0,6.04,-0.95,-0.28,3.92
2021-11-11,000519,29.01,31.3,31.31,29.01,728021,2225789600.0,7.87,7.16,2.09,5.23
2021-11-12,000519,30.99,31.3,31.65,30.3,610149,1891933872.0,4.31,0.0,0.0,4.38
2021-11-15,000519,31.32,29.59,31.5,29.55,627049,1906644672.0,6.23,-5.46,-1.71,4.51
2021-11-16,000519,29.19,29.07,31.09,28.63,646392,1925608880.0,8.31,-1.76,-0.52,4.65
2021-11-17,000519,28.6,29.56,29.79,28.56,448990,1314044800.0,4.23,1.69,0.49,3.23
2021-11-18,000519,29.41,30.7,31.24,28.97,606261,1840135120.0,7.68,3.86,1.14,4.36
2021-11-19,000519,30.33,30.26,31.3,30.16,390061,1193197680.0,3.71,-1.43,-0.44,2.8
2021-11-22,000519,30.1,30.52,31.02,29.82,546296,1660155712.0,3.97,0.86,0.26,3.93
2021-11-23,000519,30.54,30.8,31.68,30.36,559489,1736105600.0,4.33,0.92,0.28,4.02
2021-11-24,000519,30.75,29.32,30.99,29.16,551755,1647653792.0,5.94,-4.81,-1.48,3.97
2021-11-25,000519,29.36,29.49,30.17,28.99,362406,1072710960.0,4.02,0.58,0.17,2.6
2021-11-26,000519,29.31,29.02,29.77,28.33,347833,1012098128.0,4.88,-1.59,-0.47,2.5
2021-11-29,000519,28.71,29.04,29.44,28.49,406124,1176863472.0,3.27,0.07,0.02,2.92
2021-11-30,000519,29.44,30.24,30.66,29.14,631007,1888987616.0,5.23,4.13,1.2,4.53
2021-12-01,000519,30.0,28.91,30.18,27.74,762082,2186767296.0,8.07,-4.4,-1.33,5.48
2021-12-02,000519,28.71,28.56,28.94,27.9,365319,1036794432.0,3.6,-1.21,-0.35,2.63
2021-12-03,000519,28.33,28.45,28.98,28.2,274706,783310256.0,2.73,-0.39,-0.11,1.97
2021-12-06,000519,28.07,27.15,28.4,27.01,577412,1584105712.0,4.89,-4.57,-1.3,4.15
2021-12-07,000519,27.54,26.88,28.13,26.4,452480,1233516352.0,6.37,-0.99,-0.27,3.25
2021-12-08,000519,27.0,27.16,27.93,26.95,411681,1125292176.0,3.65,1.04,0.28,2.96
2021-12-09,000519,27.15,27.26,27.5,26.78,356368,967033552.0,2.65,0.37,0.1,2.56
2021-12-10,000519,27.99,27.6,28.29,27.12,680550,1889436944.0,4.29,1.25,0.34,4.89
2021-12-13,000519,27.73,27.18,27.8,26.83,383873,1043868736.0,3.51,-1.52,-0.42,2.76
2021-12-14,000519,27.07,26.81,27.48,26.79,298262,806906752.0,2.54,-1.36,-0.37,2.14
2021-12-15,000519,26.7,26.54,26.85,26.51,228405,608687872.0,1.27,-1.01,-0.27,1.64
2021-12-16,000519,26.41,26.44,26.71,26.26,237231,626893840.0,1.7,-0.38,-0.1,1.7
2021-12-17,000519,26.46,25.29,26.46,25.2,459032,1175981104.0,4.77,-4.35,-1.15,3.3
2021-12-20,000519,25.4,24.55,25.41,24.13,557210,1374371488.0,5.06,-2.93,-0.74,4.0
2021-12-21,000519,24.59,25.33,25.59,24.53,394210,993135728.0,4.32,3.18,0.78,2.83
2021-12-22,000519,25.3,25.43,25.65,25.05,237948,601971120.0,2.37,0.39,0.1,1.71
2021-12-23,000519,25.55,25.23,25.6,25.0,218982,552197296.0,2.36,-0.79,-0.2,1.57
2021-12-24,000519,25.25,25.93,27.69,24.86,866614,2272575232.0,11.22,2.77,0.7,6.23
2021-12-27,000519,25.8,27.09,27.77,25.66,774742,2087213360.0,8.14,4.47,1.16,5.57
2021-12-28,000519,26.81,25.55,27.06,25.18,662923,1710626096.0,6.94,-5.68,-1.54,4.76
2021-12-29,000519,25.51,25.64,26.11,25.05,463162,1188432032.0,4.15,0.35,0.09,3.33
2021-12-30,000519,25.51,26.65,27.2,25.5,650281,1727594320.0,6.63,3.94,1.01,4.67
2021-12-31,000519,26.4,26.67,26.85,25.5,532294,1397878384.0,5.07,0.08,0.02,3.83
2022-01-04,000519,26.64,24.24,26.96,24.01,767984,1922074320.0,11.06,-9.11,-2.43,5.52
2022-01-05,000519,24.09,22.8,24.1,22.5,803326,1842484528.0,6.6,-5.94,-1.44,5.77
2022-01-06,000519,22.74,23.03,23.22,22.3,385092,881849728.0,4.04,1.01,0.23,2.77
2022-01-07,000519,23.03,22.9,23.58,22.68,336419,777583216.0,3.91,-0.56,-0.13,2.42
2022-01-10,000519,22.66,23.12,23.47,22.61,305038,705873968.0,3.76,0.96,0.22,2.19
2022-01-11,000519,23.0,22.04,23.09,21.85,458845,1023873440.0,5.36,-4.67,-1.08,3.3
2022-01-12,000519,22.43,22.59,22.68,21.88,361936,808899568.0,3.63,2.5,0.55,2.6
2022-01-13,000519,22.61,21.9,22.67,21.83,318787,703223664.0,3.72,-3.05,-0.69,2.29
2022-01-14,000519,21.71,22.1,22.45,21.69,249343,552596240.0,3.47,0.91,0.2,1.79
2022-01-17,000519,21.98,22.01,22.26,21.69,246153,541430096.0,2.58,-0.41,-0.09,1.77
2022-01-18,000519,23.0,22.52,23.77,22.35,641925,1474860192.0,6.45,2.32,0.51,4.61
2022-01-19,000519,21.96,20.98,21.98,20.87,527197,1128262576.0,4.93,-6.84,-1.54,3.79
2022-01-20,000519,20.75,20.29,21.15,20.16,388998,795528816.0,4.72,-3.29,-0.69,2.8
2022-01-21,000519,20.14,20.25,20.94,19.83,348366,705664480.0,5.47,-0.2,-0.04,2.5
2022-01-24,000519,20.12,21.91,22.28,20.09,767524,1658988800.0,10.81,8.2,1.66,5.52
2022-01-25,000519,21.78,20.96,22.09,20.94,505383,1087202048.0,5.25,-4.34,-0.95,3.63
2022-01-26,000519,20.95,20.77,21.34,20.51,406012,847111856.0,3.96,-0.91,-0.19,2.92
2022-01-27,000519,21.0,20.44,21.69,20.42,353086,741263520.0,6.11,-1.59,-0.33,2.54
2022-01-28,000519,18.4,18.4,18.7,18.4,798385,1472082544.0,1.47,-9.98,-2.04,5.74
2022-02-07,000519,18.4,18.5,19.01,18.01,597296,1103955552.0,5.43,0.54,0.1,4.29
2022-02-08,000519,18.52,18.7,18.7,18.05,391494,721568160.0,3.51,1.08,0.2,2.81
2022-02-09,000519,18.6,19.26,19.33,18.4,386259,728578352.0,4.97,2.99,0.56,2.78
2022-02-10,000519,19.06,18.61,19.34,18.48,350053,658473936.0,4.47,-3.37,-0.65,2.52
2022-02-11,000519,18.5,17.76,18.5,17.68,415681,749233264.0,4.41,-4.57,-0.85,2.99
2022-02-14,000519,17.83,18.08,18.76,17.79,585809,1072662880.0,5.46,1.8,0.32,4.21
2022-02-15,000519,18.52,19.58,19.89,18.3,1052449,2032258496.0,8.79,8.3,1.5,7.56
2022-02-16,000519,19.11,19.35,19.91,18.85,671054,1294504992.0,5.41,-1.17,-0.23,4.82
2022-02-17,000519,19.29,20.18,20.47,19.01,834226,1650538560.0,7.55,4.29,0.83,6.0
2022-02-18,000519,19.87,19.69,20.38,19.55,629609,1248750144.0,4.11,-2.43,-0.49,4.52
2022-02-21,000519,19.71,19.95,20.3,19.65,501460,1000701536.0,3.3,1.32,0.26,3.6
2022-02-22,000519,20.32,21.25,21.56,19.86,972513,2022813472.0,8.52,6.52,1.3,6.99
2022-02-23,000519,20.6,22.09,22.7,20.58,1075256,2316658816.0,9.98,3.95,0.84,7.73
2022-02-24,000519,21.8,22.93,23.74,21.7,1282995,2915653744.0,9.23,3.8,0.84,9.22
2022-02-25,000519,22.23,22.16,22.63,21.78,768075,1709811888.0,3.71,-3.36,-0.77,5.52
2022-02-28,000519,22.98,22.59,23.18,21.99,729875,1650395568.0,5.37,1.94,0.43,5.25
2022-03-01,000519,22.27,21.94,22.4,21.62,640753,1409557936.0,3.45,-2.88,-0.65,4.6
2022-03-02,000519,21.94,22.14,22.42,21.8,483492,1071804288.0,2.83,0.91,0.2,3.47
2022-03-03,000519,22.2,21.67,22.23,21.66,401009,876284704.0,2.57,-2.12,-0.47,2.88
2022-03-04,000519,21.67,20.32,21.77,20.0,871233,1806562480.0,8.17,-6.23,-1.35,6.26
2022-03-07,000519,20.52,19.93,20.84,19.77,558433,1136300320.0,5.27,-1.92,-0.39,4.01
2022-03-08,000519,19.8,18.65,19.93,18.38,602593,1144463584.0,7.78,-6.42,-1.28,4.33
2022-03-09,000519,18.66,18.19,18.79,17.09,584272,1052426112.0,9.12,-2.47,-0.46,4.2
2022-03-10,000519,18.8,19.15,19.46,18.55,532543,1013907696.0,5.0,5.28,0.96,3.83
2022-03-11,000519,18.95,19.13,19.24,18.42,342238,645292624.0,4.28,-0.1,-0.02,2.46
2022-03-14,000519,18.83,18.5,19.3,18.4,399276,747535888.0,4.7,-3.29,-0.63,2.87
2022-03-15,000519,18.3,17.62,18.6,17.6,448526,811112080.0,5.41,-4.76,-0.88,3.22
2022-03-16,000519,18.1,18.94,19.1,17.45,616942,1131002704.0,9.36,7.49,1.32,4.43
2022-03-17,000519,19.6,19.7,20.09,19.2,727320,1430024560.0,4.7,4.01,0.76,5.23
2022-03-18,000519,19.59,19.93,20.4,19.4,449987,898115408.0,5.08,1.17,0.23,3.23
2022-03-21,000519,20.07,20.34,20.8,19.68,518715,1054985856.0,5.62,2.06,0.41,3.73
2022-03-22,000519,20.3,21.7,22.0,20.17,901759,1936107296.0,9.0,6.69,1.36,6.48
2022-03-23,000519,21.7,21.86,22.13,21.45,540130,1179034240.0,3.13,0.74,0.16,3.88
2022-03-24,000519,21.86,22.07,22.24,21.59,535319,1176163744.0,2.97,0.96,0.21,3.85
2022-03-25,000519,21.95,20.7,22.26,20.63,656606,1386205648.0,7.39,-6.21,-1.37,4.72
2022-03-28,000519,20.45,20.25,20.7,19.8,446031,903752048.0,4.35,-2.17,-0.45,3.21
2022-03-29,000519,20.34,21.28,21.58,20.3,578337,1217771952.0,6.32,5.09,1.03,4.16
2022-03-30,000519,21.29,22.41,22.71,21.08,586254,1289555760.0,7.66,5.31,1.13,4.21
2022-03-31,000519,22.22,22.5,22.55,21.8,418560,927040320.0,3.35,0.4,0.09,3.01
2022-04-01,000519,22.78,21.9,23.72,21.83,866242,1978229840.0,8.4,-2.67,-0.6,6.23
2022-04-06,000519,21.81,21.65,22.47,21.39,393204,853993328.0,4.93,-1.14,-0.25,2.83
2022-04-07,000519,21.39,21.68,22.55,21.28,438824,962822672.0,5.87,0.14,0.03,3.15
2022-04-08,000519,21.58,21.5,21.73,20.79,328234,699436128.0,4.34,-0.83,-0.18,2.36
2022-04-11,000519,21.67,20.98,21.72,20.35,388246,810014592.0,6.37,-2.42,-0.52,2.79
2022-04-12,000519,20.91,21.69,21.72,20.4,356716,752776176.0,6.29,3.38,0.71,2.56
2022-04-13,000519,21.27,20.52,21.27,20.43,330594,685544784.0,3.87,-5.39,-1.17,2.38
2022-04-14,000519,20.63,20.33,20.78,20.13,246743,503457056.0,3.17,-0.93,-0.19,1.77
2022-04-15,000519,20.02,20.2,20.5,19.5,274448,548567616.0,4.92,-0.64,-0.13,1.97
2022-04-18,000519,20.03,20.84,21.12,19.75,282620,583531040.0,6.78,3.17,0.64,2.03
2022-04-19,000519,20.69,20.72,21.12,20.4,245911,509842032.0,3.45,-0.58,-0.12,1.77
2022-04-20,000519,20.68,20.05,20.72,20.0,213694,432650848.0,3.47,-3.23,-0.67,1.54
2022-04-21,000519,19.74,19.05,20.16,18.92,240212,468882480.0,6.18,-4.99,-1.0,1.73
2022-04-22,000519,19.05,19.13,19.41,18.6,233173,445157040.0,4.25,0.42,0.08,1.68
2022-04-25,000519,18.85,17.36,18.85,17.3,273957,492680160.0,8.1,-9.25,-1.77,1.97
2022-04-26,000519,17.66,17.72,18.49,17.5,368721,660603216.0,5.7,2.07,0.36,2.65
2022-04-27,000519,17.4,19.32,19.49,17.31,435610,813346224.0,12.3,9.03,1.6,3.13
2022-04-28,000519,19.16,19.69,20.3,19.0,355460,699251360.0,6.73,1.92,0.37,2.55
2022-04-29,000519,19.88,20.85,20.98,19.59,376599,771369808.0,7.06,5.89,1.16,2.71
2022-05-05,000519,20.89,21.3,21.98,20.61,418410,895384704.0,6.57,2.16,0.45,3.01
2022-05-06,000519,20.8,20.78,21.39,20.65,271876,569122080.0,3.47,-2.44,-0.52,1.95
2022-05-09,000519,20.6,21.06,21.67,20.5,286081,607415824.0,5.63,1.35,0.28,2.06
2022-05-10,000519,20.71,21.08,21.65,20.62,352660,747027808.0,4.89,0.09,0.02,2.53
2022-05-11,000519,21.13,20.83,21.4,20.68,353493,746027616.0,3.42,-1.19,-0.25,2.54
2022-05-12,000519,20.76,21.41,21.87,20.76,433992,930213232.0,5.33,2.78,0.58,3.12
2022-05-13,000519,21.42,22.03,22.28,21.03,407689,885374384.0,5.84,2.9,0.62,2.93
2022-05-16,000519,22.19,21.1,22.27,20.78,391779,837753232.0,6.76,-4.22,-0.93,2.82
2022-05-17,000519,21.07,21.27,21.38,20.87,264018,557627968.0,2.42,0.81,0.17,1.9
2022-05-18,000519,21.11,21.19,21.47,20.77,269099,567435760.0,3.29,-0.38,-0.08,1.93
2022-05-19,000519,20.91,21.05,21.1,20.43,244033,508021312.0,3.16,-0.66,-0.14,1.75
2022-05-20,000519,21.07,21.58,21.72,20.8,358762,765148400.0,4.37,2.52,0.53,2.58
2022-05-23,000519,21.5,21.98,22.44,21.35,398611,874240512.0,5.05,1.85,0.4,2.86
2022-05-24,000519,22.0,20.75,22.41,20.63,393745,848822800.0,8.1,-5.6,-1.23,2.83
2022-05-25,000519,20.92,21.81,21.99,20.85,392767,843779488.0,5.49,5.11,1.06,2.82
2022-05-26,000519,22.09,23.17,23.2,21.6,762593,1718099200.0,7.34,6.24,1.36,5.48
2022-05-27,000519,23.14,23.75,24.29,22.8,709139,1675677488.0,6.43,2.5,0.58,5.1
2022-05-30,000519,24.12,25.3,25.5,23.88,615700,1521926112.0,6.82,6.53,1.55,4.42
2022-05-31,000519,25.27,24.87,25.27,24.21,484776,1195184256.0,4.19,-1.7,-0.43,3.48
2022-06-01,000519,24.76,24.87,25.85,24.32,583211,1458583312.0,6.15,0.0,0.0,4.19
2022-06-02,000519,24.46,24.83,25.13,24.29,345268,851600336.0,3.38,-0.16,-0.04,2.48
2022-06-06,000519,25.16,25.0,25.64,24.54,397262,990178560.0,4.43,0.68,0.17,2.85
2022-06-07,000519,24.95,26.05,26.22,24.78,578695,1496154352.0,5.76,4.2,1.05,4.16
2022-06-08,000519,26.11,25.7,26.66,25.11,441902,1140739184.0,5.95,-1.34,-0.35,3.18
2022-06-09,000519,25.75,25.69,26.22,25.3,345298,891113936.0,3.58,-0.04,-0.01,2.48
2022-06-10,000519,25.52,26.94,27.18,25.32,562573,1491989280.0,7.24,4.87,1.25,4.04
2022-06-13,000519,26.98,27.9,28.14,26.65,530259,1453534912.0,5.53,3.56,0.96,3.81
2022-06-14,000519,27.38,28.93,29.08,26.99,461758,1291260208.0,7.49,3.69,1.03,3.32
2022-06-15,000519,28.85,27.94,29.3,27.63,371906,1052593424.0,5.77,-3.42,-0.99,2.67
2022-06-16,000519,27.73,27.94,28.92,26.91,541626,1508916032.0,7.19,0.0,0.0,3.89
2022-06-17,000519,27.5,27.55,27.94,27.01,327748,901347744.0,3.33,-1.4,-0.39,2.36
2022-06-20,000519,27.73,27.57,28.0,27.3,315076,870521504.0,2.54,0.07,0.02,2.26
2022-06-21,000519,27.6,27.57,28.71,27.5,376599,1054749120.0,4.39,0.0,0.0,2.71
2022-06-22,000519,27.71,28.08,28.68,27.71,412357,1164760928.0,3.52,1.85,0.51,2.96
2022-06-23,000519,28.14,28.5,28.5,27.3,393867,1104081728.0,4.27,1.5,0.42,2.83
2022-06-24,000519,28.55,28.0,29.14,27.5,522275,1467519504.0,5.75,-1.75,-0.5,3.75
2022-06-27,000519,27.7,29.35,29.58,27.48,548423,1584943952.0,7.5,4.82,1.35,3.94
2022-06-28,000519,29.38,28.6,29.78,28.24,412699,1181725200.0,5.25,-2.56,-0.75,2.97
2022-06-29,000519,28.35,27.54,28.57,26.63,436567,1200782320.0,6.78,-3.71,-1.06,3.14
2022-06-30,000519,27.27,29.15,29.58,27.27,563926,1624910288.0,8.39,5.85,1.61,4.05
2022-07-01,000519,30.5,32.07,32.07,30.0,825119,2598443952.0,7.1,10.02,2.92,5.93
2022-07-04,000519,32.06,33.01,33.26,31.2,700993,2271655648.0,6.42,2.93,0.94,5.04
2022-07-05,000519,32.88,32.62,33.42,32.2,398231,1299970176.0,3.7,-1.18,-0.39,2.86
2022-07-06,000519,32.63,31.98,32.69,31.63,275314,882640320.0,3.25,-1.96,-0.64,1.98
2022-07-07,000519,32.49,32.28,32.6,31.88,269019,865874816.0,2.25,0.94,0.3,1.93
2022-07-08,000519,32.35,31.65,32.46,31.01,320142,1008982320.0,4.49,-1.95,-0.63,2.3
2022-07-11,000519,31.64,30.68,31.78,30.33,286383,882880304.0,4.58,-3.06,-0.97,2.06
2022-07-12,000519,30.66,30.19,30.9,30.0,254063,772878532.92,2.93,-1.6,-0.49,1.83
2022-07-13,000519,30.26,29.96,30.38,29.58,281365,842913076.16,2.65,-0.76,-0.23,2.02
2022-07-14,000519,30.18,31.05,31.2,29.75,422056,1288223880.77,4.84,3.64,1.09,3.03
2022-07-15,000519,31.0,30.13,31.18,30.05,312008,954540141.42,3.64,-2.96,-0.92,2.24
2022-07-18,000519,30.0,30.71,30.98,29.23,372954,1129932595.43,5.81,1.92,0.58,2.68
2022-07-19,000519,30.6,29.66,31.08,29.5,326628,990051309.74,5.14,-3.42,-1.05,2.35
2022-07-20,000519,29.8,32.14,32.53,29.7,569282,1774454655.44,9.54,8.36,2.48,4.09
2022-07-21,000519,31.82,30.61,31.85,30.5,482378,1489881354.71,4.2,-4.76,-1.53,3.47
2022-07-22,000519,30.19,30.69,31.28,30.16,267339,823099795.14,3.66,0.26,0.08,1.92
2022-07-25,000519,30.7,31.04,31.49,30.31,325161,1009851662.14,3.84,1.14,0.35,2.34
2022-07-26,000519,31.0,32.98,33.33,30.88,548157,1783119405.77,7.89,6.25,1.94,3.94
2022-07-27,000519,33.06,33.57,34.49,33.0,530920,1788297073.7,4.52,1.79,0.59,3.82
2022-07-28,000519,33.3,33.21,34.41,32.94,373572,1249229511.2,4.38,-1.07,-0.36,2.68
2022-07-29,000519,33.13,32.84,33.58,32.4,251236,826083260.24,3.55,-1.11,-0.37,1.81
2022-08-01,000519,32.81,32.27,33.08,32.04,237107,768321427.65,3.17,-1.74,-0.57,1.7
2022-08-02,000519,32.92,31.88,33.49,31.58,459868,1496798330.6,5.92,-1.21,-0.39,3.3
2022-08-03,000519,31.4,32.22,33.47,30.7,472090,1535113280.64,8.69,1.07,0.34,3.39
2022-08-04,000519,32.26,31.18,32.36,30.09,455465,1407040496.85,7.05,-3.23,-1.04,3.27
2022-08-05,000519,30.9,31.5,31.72,30.62,344734,1071751877.45,3.53,1.03,0.32,2.48
2022-08-08,000519,31.01,33.66,33.9,30.86,495169,1619272696.6,9.65,6.86,2.16,3.56
2022-08-09,000519,33.45,33.68,34.27,33.12,319749,1075615796.15,3.42,0.06,0.02,2.3
2022-08-10,000519,33.4,34.59,35.0,33.3,394380,1361602270.67,5.05,2.7,0.91,2.83
2022-08-11,000519,34.99,34.43,35.58,33.91,232080,798906012.01,4.83,-0.46,-0.16,1.67
2022-08-12,000519,34.42,35.3,36.0,34.35,359502,1270112987.03,4.79,2.53,0.87,2.58
2022-08-15,000519,35.88,35.66,37.03,34.87,403490,1439869190.27,6.12,1.02,0.36,2.9
2022-08-16,000519,35.0,35.19,35.69,34.65,213169,749839818.0,2.92,-1.32,-0.47,1.53
2022-08-17,000519,35.22,35.45,36.06,34.71,300962,1066207071.21,3.84,0.74,0.26,2.16
2022-08-18,000519,35.23,36.5,36.5,35.14,297805,1072161662.53,3.84,2.96,1.05,2.14
2022-08-19,000519,36.0,33.81,36.1,33.04,644027,2196321655.77,8.38,-7.37,-2.69,4.63
2022-08-22,000519,33.3,33.98,34.2,32.13,386797,1287054054.21,6.12,0.5,0.17,2.78
2022-08-23,000519,33.78,34.3,34.61,33.34,222865,760486333.2,3.74,0.94,0.32,1.6
2022-08-24,000519,34.11,32.66,34.19,32.18,336756,1109407889.32,5.86,-4.78,-1.64,2.42
2022-08-25,000519,32.66,32.17,33.08,31.64,201128,646185135.4,4.41,-1.5,-0.49,1.45
2022-08-26,000519,32.2,31.7,32.84,31.52,190986,613472769.23,4.1,-1.46,-0.47,1.37
2022-08-29,000519,31.13,31.95,32.63,30.01,239817,768279232.69,8.26,0.79,0.25,1.72
2022-08-30,000519,31.95,31.78,32.11,31.13,177737,561009773.74,3.07,-0.53,-0.17,1.28
2022-08-31,000519,31.36,30.57,31.75,29.58,342800,1035595166.75,6.83,-3.81,-1.21,2.46
2022-09-01,000519,30.0,29.99,31.0,29.81,205182,621605626.06,3.89,-1.9,-0.58,1.47
2022-09-02,000519,30.04,30.0,30.88,29.88,292120,884504891.17,3.33,0.03,0.01,2.1
2022-09-05,000519,30.0,30.33,31.01,29.69,192743,586817398.61,4.4,1.1,0.33,1.39
2022-09-06,000519,30.74,31.13,31.17,30.1,291240,896708657.64,3.53,2.64,0.8,2.09
2022-09-07,000519,30.9,31.5,31.97,30.77,240038,755197200.41,3.85,1.19,0.37,1.73
2022-09-08,000519,31.51,31.72,32.1,31.19,201958,640410995.74,2.89,0.7,0.22,1.45
2022-09-09,000519,31.72,29.95,31.75,29.26,458593,1374587996.55,7.85,-5.58,-1.77,3.3
2022-09-13,000519,29.71,28.85,29.8,28.3,477020,1374442282.4,5.01,-3.67,-1.1,3.43
2022-09-14,000519,28.3,28.65,29.15,28.26,252871,725204824.12,3.08,-0.69,-0.2,1.82
2022-09-15,000519,28.69,26.5,28.78,25.98,659190,1777868556.77,9.77,-7.5,-2.15,4.74
2022-09-16,000519,26.7,26.49,27.09,26.41,352074,940789695.33,2.57,-0.04,-0.01,2.53
2022-09-19,000519,26.5,25.61,26.75,24.91,601493,1541822731.92,6.95,-3.32,-0.88,4.32
2022-09-20,000519,25.6,26.11,26.51,25.51,364662,950277448.24,3.9,1.95,0.5,2.62
2022-09-21,000519,25.99,25.6,26.06,25.46,289148,742266961.36,2.3,-1.95,-0.51,2.08
2022-09-22,000519,25.4,26.0,26.28,25.3,372073,966272638.1,3.83,1.56,0.4,2.67
2022-09-23,000519,25.84,25.59,26.66,25.45,331202,858817578.39,4.65,-1.58,-0.41,2.38
2022-09-26,000519,25.54,24.93,25.67,24.73,413891,1042162948.49,3.67,-2.58,-0.66,2.97
2022-09-27,000519,24.96,25.7,25.7,24.91,327839,834011605.15,3.17,3.09,0.77,2.36
2022-09-28,000519,25.5,24.06,25.87,23.9,484364,1189102150.98,7.67,-6.38,-1.64,3.48
2022-09-29,000519,24.09,23.72,24.3,23.65,393868,940491797.57,2.7,-1.41,-0.34,2.83
2022-09-30,000519,23.8,22.35,23.8,22.3,588891,1343657587.27,6.32,-5.78,-1.37,4.23
2022-10-10,000519,22.6,21.46,22.65,21.34,617511,1346188204.2,5.86,-3.98,-0.89,4.44
2022-10-11,000519,21.48,20.93,21.57,20.72,517988,1086091781.58,3.96,-2.47,-0.53,3.72
2022-10-12,000519,20.83,20.75,20.85,19.29,898807,1801494315.22,7.45,-0.86,-0.18,6.46
2022-10-13,000519,20.39,21.03,21.37,20.23,698660,1465330774.05,5.49,1.35,0.28,5.02
2022-10-14,000519,21.37,21.88,21.97,20.97,748867,1616852943.74,4.76,4.04,0.85,5.38
2022-10-17,000519,21.73,21.99,22.09,21.47,713349,1558057231.19,2.83,0.5,0.11,5.13
2022-10-18,000519,21.0,20.48,21.22,20.12,1340793,2754342614.54,5.0,-6.87,-1.51,9.64
2022-10-19,000519,20.13,19.86,20.32,19.81,683634,1369826095.39,2.49,-3.03,-0.62,4.91
2022-10-20,000519,19.77,19.51,19.79,18.73,804530,1551972586.67,5.34,-1.76,-0.35,5.78
2022-10-21,000519,19.5,19.05,19.52,19.0,447009,857588441.44,2.67,-2.36,-0.46,3.21
2022-10-24,000519,19.1,19.64,20.28,19.05,1056215,2082777968.58,6.46,3.1,0.59,7.59
2022-10-25,000519,19.6,20.82,20.89,19.06,1319159,2651540407.44,9.32,6.01,1.18,9.48
2022-10-26,000519,20.8,20.99,21.09,20.31,1008565,2096236425.91,3.75,0.82,0.17,7.25
2022-10-27,000519,21.6,21.01,22.0,21.0,1028623,2212192833.33,4.76,0.1,0.02,7.39
2022-10-28,000519,20.75,19.93,21.05,19.85,721945,1468513759.11,5.71,-5.14,-1.08,5.19
2022-10-31,000519,19.86,20.55,20.77,19.75,595320,1212854640.38,5.12,3.11,0.62,4.28
2022-11-01,000519,20.7,21.06,21.16,20.22,686236,1416590006.2,4.57,2.48,0.51,4.93
2022-11-02,000519,21.0,21.68,21.76,20.75,816476,1751169962.74,4.8,2.94,0.62,5.87
2022-11-03,000519,21.41,21.59,21.93,21.11,688256,1483133221.68,3.78,-0.42,-0.09,4.95
2022-11-04,000519,21.5,22.23,22.43,21.41,786095,1732316843.89,4.72,2.96,0.64,5.65
2022-11-07,000519,22.14,22.51,22.88,21.81,722936,1617193969.09,4.81,1.26,0.28,5.2
2022-11-08,000519,22.52,22.2,22.74,22.0,508904,1131844900.67,3.29,-1.38,-0.31,3.66
2022-11-09,000519,22.31,21.75,22.48,21.69,455523,1004255536.14,3.56,-2.03,-0.45,3.27
2022-11-10,000519,21.55,21.34,21.68,21.24,405019,868249314.06,2.02,-1.89,-0.41,2.91
2022-11-11,000519,22.08,22.88,23.33,21.83,1198207,2702710418.97,7.03,7.22,1.54,8.61
2022-11-14,000519,22.88,22.87,23.22,22.33,716905,1634294438.22,3.89,-0.04,-0.01,5.15
2022-11-15,000519,22.65,22.9,23.03,22.3,563325,1282176088.69,3.19,0.13,0.03,4.05
2022-11-16,000519,22.81,23.99,24.36,22.67,957373,2254777114.8,7.38,4.76,1.09,6.88
2022-11-17,000519,23.53,23.92,23.94,23.3,569939,1345118199.73,2.67,-0.29,-0.07,4.1
2022-11-18,000519,23.71,22.88,24.13,22.77,675837,1579216706.55,5.69,-4.35,-1.04,4.86
2022-11-21,000519,22.58,23.0,23.33,22.21,404681,928313504.15,4.9,0.52,0.12,2.91
2022-11-22,000519,22.9,22.38,23.09,22.24,406325,919291112.19,3.7,-2.7,-0.62,2.92
2022-11-23,000519,22.45,22.63,23.03,22.38,442479,1005358701.05,2.9,1.12,0.25,3.18
2022-11-24,000519,22.5,22.08,22.76,22.02,439978,979792826.5,3.27,-2.43,-0.55,3.16
2022-11-25,000519,21.95,21.57,22.02,21.52,352916,767485040.11,2.26,-2.31,-0.51,2.54
2022-11-28,000519,21.1,20.95,21.24,20.64,429745,898511566.99,2.78,-2.87,-0.62,3.09
2022-11-29,000519,21.06,21.59,21.67,21.06,438966,940531180.17,2.91,3.05,0.64,3.15
2022-11-30,000519,21.43,21.4,21.63,21.05,362435,772249818.05,2.69,-0.88,-0.19,2.6
2022-12-01,000519,21.46,22.08,22.33,21.46,549463,1206368884.47,4.07,3.18,0.68,3.95
2022-12-02,000519,21.95,22.0,22.27,21.74,363112,797327947.98,2.4,-0.36,-0.08,2.61
2022-12-05,000519,22.03,22.42,22.52,21.87,478578,1063118790.83,2.95,1.91,0.42,3.44
2022-12-06,000519,22.33,22.13,22.49,22.04,380470,844661990.9,2.01,-1.29,-0.29,2.73
2022-12-07,000519,22.02,21.42,22.06,21.35,515347,1115307668.77,3.21,-3.21,-0.71,3.7
2022-12-08,000519,21.3,21.19,21.47,21.07,306424,649755707.28,1.87,-1.07,-0.23,2.2
2022-12-09,000519,21.28,21.02,21.34,20.88,282423,594841662.62,2.17,-0.8,-0.17,2.03
2022-12-12,000519,21.02,21.15,21.16,20.7,287325,602182096.29,2.19,0.62,0.13,2.06
2022-12-13,000519,21.01,20.26,21.09,20.24,425594,875768362.87,4.02,-4.21,-0.89,3.06
2022-12-14,000519,20.28,20.35,20.63,20.26,235307,480676893.48,1.83,0.44,0.09,1.69
2022-12-15,000519,20.2,20.4,20.54,20.06,212505,431721429.17,2.36,0.25,0.05,1.53
2022-12-16,000519,20.34,20.01,20.34,19.75,280847,562107612.56,2.89,-1.91,-0.39,2.02
2022-12-19,000519,19.99,19.69,20.09,19.59,198840,394214042.17,2.5,-1.6,-0.32,1.43
2022-12-20,000519,19.68,19.78,19.99,19.65,165352,327467411.42,1.73,0.46,0.09,1.19
2022-12-21,000519,19.8,19.37,19.85,19.25,188694,367480792.71,3.03,-2.07,-0.41,1.36
2022-12-22,000519,19.47,19.04,19.58,18.96,219984,423888597.24,3.2,-1.7,-0.33,1.58
2022-12-23,000519,18.9,19.15,19.19,18.81,145768,277359655.18,2.0,0.58,0.11,1.05
2022-12-26,000519,19.38,19.95,19.99,19.28,316431,623942737.9,3.71,4.18,0.8,2.27
2022-12-27,000519,19.95,20.27,20.33,19.75,311501,623728440.75,2.91,1.6,0.32,2.24
2022-12-28,000519,20.2,19.88,20.2,19.8,206158,411479231.16,1.97,-1.92,-0.39,1.48
2022-12-29,000519,19.71,19.83,20.05,19.7,161775,322288972.53,1.76,-0.25,-0.05,1.16
2022-12-30,000519,19.88,19.64,19.98,19.47,181083,357054299.25,2.57,-0.96,-0.19,1.3
2023-01-03,000519,19.75,20.21,20.26,19.51,274840,549983645.19,3.82,2.9,0.57,1.98
2023-01-04,000519,20.1,19.85,20.24,19.74,244267,487326061.1,2.47,-1.78,-0.36,1.76
2023-01-05,000519,19.87,20.0,20.1,19.72,245121,488961139.08,1.91,0.76,0.15,1.76
2023-01-06,000519,19.98,19.94,20.2,19.86,255744,511967603.55,1.7,-0.3,-0.06,1.84
2023-01-09,000519,19.97,19.75,20.08,19.41,382601,754271192.33,3.36,-0.95,-0.19,2.75
2023-01-10,000519,19.65,19.59,19.71,19.51,192834,377636523.5,1.01,-0.81,-0.16,1.39
2023-01-11,000519,19.57,20.23,20.8,19.56,625667,1267822791.83,6.33,3.27,0.64,4.5
2023-01-12,000519,20.2,19.96,20.37,19.87,341476,684879844.81,2.47,-1.33,-0.27,2.45
2023-01-13,000519,19.89,19.96,20.08,19.81,222206,442231826.89,1.35,0.0,0.0,1.6
2023-01-16,000519,19.92,20.5,20.56,19.92,459105,933588309.82,3.21,2.71,0.54,3.3
2023-01-17,000519,20.54,20.72,20.98,20.4,424383,877653244.38,2.83,1.07,0.22,3.05
2023-01-18,000519,20.73,20.55,20.73,20.52,215607,443965693.77,1.01,-0.82,-0.17,1.55
2023-01-19,000519,20.45,20.73,20.76,20.35,243706,501623857.55,2.0,0.88,0.18,1.75
2023-01-20,000519,20.75,20.92,20.92,20.69,272235,566118005.09,1.11,0.92,0.19,1.96
2023-01-30,000519,21.85,22.14,22.6,21.46,904622,1994536473.07,5.45,5.83,1.22,6.5
2023-01-31,000519,22.0,22.87,23.25,21.9,913580,2073589750.31,6.1,3.3,0.73,6.57
2023-02-01,000519,22.72,22.97,23.02,22.53,694163,1580432194.94,2.14,0.44,0.1,4.99
2023-02-02,000519,22.99,22.76,23.17,22.53,555076,1266166140.91,2.79,-0.91,-0.21,3.99
2023-02-03,000519,22.6,22.38,22.73,22.01,574338,1281910552.67,3.16,-1.67,-0.38,4.13
2023-02-06,000519,22.22,22.2,22.48,22.09,339129,755296716.47,1.74,-0.8,-0.18,2.44
2023-02-07,000519,22.3,22.35,22.42,22.14,310592,691800907.35,1.26,0.68,0.15,2.23
2023-02-08,000519,22.35,21.65,22.38,21.63,502270,1098259133.15,3.36,-3.13,-0.7,3.61
2023-02-09,000519,21.58,22.36,22.46,21.51,514923,1139573000.24,4.39,3.28,0.71,3.7
2023-02-10,000519,22.3,22.09,22.35,21.9,297767,658344293.8,2.01,-1.21,-0.27,2.14
2023-02-13,000519,22.1,22.24,22.47,22.09,351965,784075235.81,1.72,0.68,0.15,2.53
2023-02-14,000519,22.24,22.64,22.76,22.1,562288,1265889886.05,2.97,1.8,0.4,4.04
2023-02-15,000519,22.64,22.46,22.65,22.27,344394,771308703.43,1.68,-0.8,-0.18,2.47
2023-02-16,000519,22.39,21.66,22.39,21.32,498654,1095047822.64,4.76,-3.56,-0.8,3.58
2023-02-17,000519,21.6,21.9,22.24,21.34,406263,886452553.36,4.16,1.11,0.24,2.92
2023-02-20,000519,21.9,21.94,21.95,21.48,285774,620953253.36,2.15,0.18,0.04,2.05
2023-02-21,000519,21.93,22.32,22.42,21.8,440746,980453146.76,2.83,1.73,0.38,3.17
2023-02-22,000519,22.16,22.38,22.54,22.08,415823,931067327.51,2.06,0.27,0.06,2.99
2023-02-23,000519,22.36,21.99,22.39,21.93,311395,689323160.73,2.06,-1.74,-0.39,2.24
2023-02-24,000519,21.93,22.49,22.72,21.82,580885,1301657719.72,4.09,2.27,0.5,4.17
2023-02-27,000519,22.39,22.7,22.99,22.35,637371,1447038544.19,2.85,0.93,0.21,4.58
2023-02-28,000519,22.68,22.68,22.75,22.41,345554,779066207.64,1.5,-0.09,-0.02,2.48
2023-03-01,000519,22.65,22.61,22.67,22.46,311680,702553776.86,0.93,-0.31,-0.07,2.24
2023-03-02,000519,22.59,22.27,22.85,22.22,397924,894443287.97,2.79,-1.5,-0.34,2.86
2023-03-03,000519,22.22,23.46,23.55,22.07,1088526,2502883511.21,6.65,5.34,1.19,7.82
2023-03-06,000519,23.9,23.26,24.08,23.17,968636,2282570020.61,3.88,-0.85,-0.2,6.96
2023-03-07,000519,23.27,23.76,24.49,22.98,1304630,3106767532.65,6.49,2.15,0.5,9.38
2023-03-08,000519,24.38,25.6,25.88,23.77,1701110,4239345272.72,8.88,7.74,1.84,12.23
2023-03-09,000519,25.2,25.43,25.85,24.93,1156983,2929047767.91,3.59,-0.66,-0.17,8.31
2023-03-10,000519,25.11,24.74,26.66,24.71,1447442,3705985080.18,7.67,-2.71,-0.69,10.4
2023-03-13,000519,24.6,25.26,25.35,24.26,1050937,2614435812.11,4.41,2.1,0.52,7.55
2023-03-14,000519,24.86,25.49,25.65,24.76,966776,2441494103.67,3.52,0.91,0.23,6.95
2023-03-15,000519,25.3,24.8,25.45,24.6,702389,1760480178.96,3.33,-2.71,-0.69,5.05
2023-03-16,000519,24.62,23.39,24.92,23.36,925050,2208116864.09,6.29,-5.69,-1.41,6.65
2023-03-17,000519,23.39,23.11,23.59,22.88,736240,1709715489.39,3.04,-1.2,-0.28,5.29
2023-03-20,000519,23.1,22.34,23.1,22.26,730442,1646483326.79,3.63,-3.33,-0.77,5.25
2023-03-21,000519,22.81,23.38,23.45,22.81,801393,1856114225.93,2.86,4.66,1.04,5.76
2023-03-22,000519,23.14,23.21,23.4,22.91,503298,1164448491.54,2.1,-0.73,-0.17,3.62
2023-03-23,000519,23.03,23.55,23.56,22.86,567173,1323361472.12,3.02,1.46,0.34,4.08
2023-03-24,000519,23.55,23.15,23.55,23.05,435067,1008787356.72,2.12,-1.7,-0.4,3.13
2023-03-27,000519,23.05,22.79,23.15,22.7,371703,849427761.58,1.94,-1.56,-0.36,2.67
2023-03-28,000519,22.78,22.58,23.03,22.44,355259,808852914.9,2.59,-0.92,-0.21,2.55
2023-03-29,000519,22.58,22.33,22.67,22.2,318466,712114114.39,2.08,-1.11,-0.25,2.29
2023-03-30,000519,22.38,22.6,22.84,22.24,366656,828965637.8,2.69,1.21,0.27,2.63
2023-03-31,000519,22.52,22.84,22.85,22.4,279144,634089613.81,1.99,1.06,0.24,2.01
2023-04-03,000519,22.78,22.95,23.05,22.63,370827,849768759.45,1.84,0.48,0.11,2.66
2023-04-04,000519,22.95,22.53,22.95,22.37,418292,943095287.1,2.53,-1.83,-0.42,3.01
2023-04-06,000519,22.5,22.06,22.51,21.97,449328,993083341.47,2.4,-2.09,-0.47,3.23
2023-04-07,000519,21.95,22.11,22.16,21.86,263453,580717004.66,1.36,0.23,0.05,1.89
2023-04-10,000519,22.12,22.36,22.55,22.12,333404,745040007.4,1.94,1.13,0.25,2.4
2023-04-11,000519,22.23,21.51,22.23,21.35,535610,1156034825.72,3.94,-3.8,-0.85,3.85
2023-04-12,000519,21.35,21.12,21.38,21.05,409727,866620966.84,1.53,-1.81,-0.39,2.94
2023-04-13,000519,21.16,20.86,21.2,20.83,365028,765951097.88,1.75,-1.23,-0.26,2.62
2023-04-14,000519,20.82,20.63,20.94,20.6,356078,738297523.34,1.63,-1.1,-0.23,2.56
2023-04-17,000519,19.4,19.92,20.14,19.21,624048,1231460236.15,4.51,-3.44,-0.71,4.48
2023-04-18,000519,19.93,20.27,20.46,19.66,416647,836739975.99,4.02,1.76,0.35,2.99
2023-04-19,000519,20.25,19.7,20.25,19.65,347253,689812025.35,2.96,-2.81,-0.57,2.5
2023-04-20,000519,19.6,19.3,19.66,19.11,392723,759389030.67,2.79,-2.03,-0.4,2.82
2023-04-21,000519,19.3,19.44,19.87,19.26,453408,888612048.6,3.16,0.73,0.14,3.26
2023-04-24,000519,19.44,18.95,19.44,18.69,275484,522987588.58,3.86,-2.52,-0.49,1.98
2023-04-25,000519,18.73,18.19,18.88,17.83,452493,825276281.19,5.54,-4.01,-0.76,3.25
2023-04-26,000519,18.11,18.2,18.57,18.06,239328,437989372.15,2.8,0.05,0.01,1.72
2023-04-27,000519,18.17,17.95,18.35,17.86,258063,465320616.46,2.69,-1.37,-0.25,1.85
2023-04-28,000519,17.95,18.18,18.18,17.92,246296,444634540.87,1.45,1.28,0.23,1.77
2023-05-04,000519,18.2,18.3,18.5,18.16,277582,508749375.74,1.87,0.66,0.12,1.99
2023-05-05,000519,18.3,18.04,18.44,18.0,231258,419696868.52,2.4,-1.42,-0.26,1.66
2023-05-08,000519,18.04,19.4,19.4,18.0,722820,1368535779.42,7.76,7.54,1.36,5.19
2023-05-09,000519,19.43,18.98,19.45,18.96,488343,934670921.94,2.53,-2.16,-0.42,3.51
2023-05-10,000519,18.85,19.72,19.84,18.62,605474,1176218933.5,6.43,3.9,0.74,4.35
2023-05-11,000519,19.8,19.69,19.83,19.31,362219,708082577.47,2.64,-0.15,-0.03,2.6
2023-05-12,000519,19.59,19.21,19.87,19.2,280137,547278722.81,3.4,-2.44,-0.48,2.01
2023-05-15,000519,19.08,19.46,19.6,18.81,290504,558026461.44,4.11,1.3,0.25,2.09
2023-05-16,000519,19.4,19.09,19.47,19.06,206425,396191173.78,2.11,-1.9,-0.37,1.48
2023-05-17,000519,19.08,19.43,19.63,19.02,305394,592060693.3,3.2,1.78,0.34,2.19
2023-05-18,000519,19.3,19.23,19.45,19.17,216378,417130429.3,1.44,-1.03,-0.2,1.55
2023-05-19,000519,19.24,19.09,19.28,18.91,180487,343822169.88,1.92,-0.73,-0.14,1.3
2023-05-22,000519,19.01,18.94,19.17,18.83,173886,329642635.86,1.78,-0.79,-0.15,1.25
2023-05-23,000519,18.94,18.58,18.94,18.58,213159,398799793.88,1.9,-1.9,-0.36,1.53
2023-05-24,000519,18.55,18.46,18.79,18.44,152591,283928778.9,1.88,-0.65,-0.12,1.1
2023-05-25,000519,18.46,18.52,18.75,18.19,179495,331261259.2,3.03,0.33,0.06,1.29
2023-05-26,000519,18.46,18.29,18.5,18.12,159164,290575881.09,2.05,-1.24,-0.23,1.14
2023-05-29,000519,18.4,18.05,18.54,18.0,176887,320880624.01,2.95,-1.31,-0.24,1.27
2023-05-30,000519,17.97,17.83,18.04,17.32,317988,560612859.46,3.99,-1.22,-0.22,2.29
2023-05-31,000519,17.81,18.0,18.16,17.75,210504,379421949.64,2.3,0.95,0.17,1.51
2023-06-01,000519,17.98,18.16,18.35,17.75,222242,402899701.27,3.33,0.89,0.16,1.6
2023-06-02,000519,18.16,18.3,18.45,18.1,203240,371513827.9,1.93,0.77,0.14,1.46
2023-06-05,000519,18.33,18.2,18.44,18.12,152453,278145998.51,1.75,-0.55,-0.1,1.1
2023-06-06,000519,18.15,17.84,18.17,17.76,156785,281873477.14,2.25,-1.98,-0.36,1.13
2023-06-07,000519,17.84,17.9,18.06,17.79,104936,187878012.84,1.51,0.34,0.06,0.75
2023-06-08,000519,17.82,17.59,17.91,17.41,174362,307281462.79,2.79,-1.73,-0.31,1.25
2023-06-09,000519,17.59,17.2,17.66,17.07,290595,500984166.64,3.35,-2.22,-0.39,2.09
2023-06-12,000519,17.18,17.56,17.71,17.08,227188,396864107.66,3.66,2.09,0.36,1.63
2023-06-13,000519,17.7,17.61,17.7,17.42,125521,220409569.71,1.59,0.28,0.05,0.9
2023-06-14,000519,17.57,17.47,17.63,17.4,138501,242387370.01,1.31,-0.8,-0.14,1.0
2023-06-15,000519,17.38,17.73,17.75,17.21,204459,359440694.72,3.09,1.49,0.26,1.47
2023-06-16,000519,17.71,17.92,18.09,17.68,224991,403480514.61,2.31,1.07,0.19,1.62
2023-06-19,000519,17.93,17.83,18.14,17.8,194200,348812946.02,1.9,-0.5,-0.09,1.4
2023-06-20,000519,17.85,18.09,18.18,17.68,260223,469150676.3,2.8,1.46,0.26,1.87
2023-06-21,000519,18.07,17.59,18.07,17.55,202572,358915151.69,2.87,-2.76,-0.5,1.46
2023-06-26,000519,17.55,17.31,17.77,17.3,163527,286185782.79,2.67,-1.59,-0.28,1.18
2023-06-27,000519,17.34,17.73,17.87,17.31,189493,335129934.09,3.24,2.43,0.42,1.36
2023-06-28,000519,17.69,17.79,17.91,17.27,225853,396815380.34,3.61,0.34,0.06,1.62
2023-06-29,000519,17.69,17.91,17.99,17.63,187216,334754403.65,2.02,0.67,0.12,1.35
2023-06-30,000519,17.95,18.09,18.17,17.83,232087,419130488.46,1.9,1.01,0.18,1.67
2023-07-03,000519,18.17,18.08,18.3,18.06,255487,464597434.68,1.33,-0.06,-0.01,1.84
2023-07-04,000519,18.02,18.37,18.49,17.96,307109,560973109.18,2.93,1.6,0.29,2.21
2023-07-05,000519,18.32,18.09,18.32,18.05,190024,345027251.49,1.47,-1.52,-0.28,1.37
2023-07-06,000519,18.09,17.83,18.1,17.82,159584,285482166.51,1.55,-1.44,-0.26,1.15
2023-07-07,000519,17.75,17.75,17.87,17.58,136830,242309752.21,1.63,-0.45,-0.08,0.98
2023-07-10,000519,17.74,17.82,17.94,17.7,97891,174364670.53,1.35,0.39,0.07,0.7
2023-07-11,000519,17.82,17.95,18.02,17.81,122043,218725298.98,1.18,0.73,0.13,0.88
2023-07-12,000519,17.94,17.62,17.95,17.61,154386,273934130.79,1.89,-1.84,-0.33,1.11
2023-07-13,000519,17.64,17.73,17.89,17.64,111329,197651706.25,1.42,0.62,0.11,0.8
2023-07-14,000519,17.73,17.57,17.75,17.5,149318,262632902.18,1.41,-0.9,-0.16,1.07
2023-07-17,000519,17.35,17.48,17.48,17.02,148782,257352233.75,2.62,-0.51,-0.09,1.07
2023-07-18,000519,17.48,17.55,17.67,17.32,138850,242830037.62,2.0,0.4,0.07,1.0
2023-07-19,000519,17.51,17.25,17.52,17.16,176218,304516198.68,2.05,-1.71,-0.3,1.27
2023-07-20,000519,17.26,17.14,17.37,17.11,128386,221385033.52,1.51,-0.64,-0.11,0.92
2023-07-21,000519,17.15,17.16,17.25,17.06,94009,161198185.92,1.11,0.12,0.02,0.68
2023-07-24,000519,17.13,17.16,17.24,17.06,77642,133219138.33,1.05,0.0,0.0,0.56
2023-07-25,000519,17.25,17.4,17.43,17.24,141780,245963949.89,1.11,1.4,0.24,1.02
2023-07-26,000519,17.4,17.31,17.42,17.25,91216,157905246.0,0.98,-0.52,-0.09,0.66
2023-07-27,000519,17.31,17.44,17.63,17.31,177109,309687222.5,1.85,0.75,0.13,1.27
2023-07-28,000519,17.38,17.58,17.6,17.18,192511,335423644.29,2.41,0.8,0.14,1.38
2023-07-31,000519,17.65,17.65,17.74,17.56,190894,336404186.09,1.02,0.4,0.07,1.37
2023-08-01,000519,17.65,17.47,17.66,17.42,143735,251856814.11,1.36,-1.02,-0.18,1.03
2023-08-02,000519,17.52,17.4,17.52,17.38,87827,153023883.27,0.8,-0.4,-0.07,0.63
2023-08-03,000519,17.34,17.41,17.44,17.28,90367,156776578.34,0.92,0.06,0.01,0.65
2023-08-04,000519,17.42,17.47,17.56,17.36,113189,197455849.9,1.15,0.34,0.06,0.81
2023-08-07,000519,17.4,17.37,17.46,17.32,92125,159919284.04,0.8,-0.57,-0.1,0.66
2023-08-08,000519,17.34,17.24,17.35,17.11,114478,196940586.41,1.38,-0.75,-0.13,0.82
2023-08-09,000519,17.17,17.23,17.26,17.15,63042,108524371.43,0.64,-0.06,-0.01,0.45
2023-08-10,000519,17.25,17.2,17.29,17.19,69182,119212276.31,0.58,-0.17,-0.03,0.5
2023-08-11,000519,17.2,17.04,17.25,17.02,127990,218717263.73,1.34,-0.93,-0.16,0.92
2023-08-14,000519,17.03,16.81,17.03,16.6,141101,236415973.05,2.52,-1.35,-0.23,1.01
2023-08-15,000519,16.79,16.32,16.81,16.24,175972,289882488.97,3.39,-2.91,-0.49,1.26
2023-08-16,000519,16.26,16.12,16.39,16.11,103847,168755420.09,1.72,-1.23,-0.2,0.75
2023-08-17,000519,16.03,16.5,16.53,15.59,236283,383674720.33,5.83,2.36,0.38,1.7
2023-08-18,000519,16.39,16.18,16.65,16.18,152767,251218739.37,2.85,-1.94,-0.32,1.1
2023-08-21,000519,16.29,16.12,16.67,16.09,128515,210105665.71,3.58,-0.37,-0.06,0.92
2023-08-22,000519,16.08,16.08,16.29,15.67,165329,264557678.02,3.85,-0.25,-0.04,1.19
2023-08-23,000519,16.0,15.45,16.0,15.41,165494,259171580.14,3.67,-3.92,-0.63,1.19
2023-08-24,000519,15.45,15.25,15.55,15.17,137761,211360185.82,2.46,-1.29,-0.2,0.99
2023-08-25,000519,15.18,14.8,15.35,14.71,194422,290496633.23,4.2,-2.95,-0.45,1.4
2023-08-28,000519,15.54,15.13,15.75,15.08,317682,490684545.16,4.53,2.23,0.33,2.28
2023-08-29,000519,15.13,15.43,15.52,15.08,171460,263668676.6,2.91,1.98,0.3,1.23
2023-08-30,000519,15.37,15.42,15.62,15.35,151664,234574199.74,1.75,-0.06,-0.01,1.09
2023-08-31,000519,15.4,15.25,15.45,15.23,102676,157067983.98,1.43,-1.1,-0.17,0.74
2023-09-01,000519,15.2,15.32,15.37,15.2,78649,120143587.47,1.11,0.46,0.07,0.57
2023-09-04,000519,15.34,15.68,15.7,15.34,181868,282912579.58,2.35,2.35,0.36,1.31
2023-09-05,000519,15.68,15.71,15.77,15.58,129856,203623052.92,1.21,0.19,0.03,0.93
2023-09-06,000519,15.62,15.83,15.85,15.46,152464,239978622.78,2.48,0.76,0.12,1.1
2023-09-07,000519,15.86,15.51,15.89,15.51,127958,200462352.04,2.4,-2.02,-0.32,0.92
2023-09-08,000519,15.47,15.64,15.78,15.46,124311,194679557.56,2.06,0.84,0.13,0.89
2023-09-11,000519,15.64,15.66,15.74,15.46,118605,185302160.98,1.79,0.13,0.02,0.85
2023-09-12,000519,15.6,15.62,15.71,15.53,84467,132011108.37,1.15,-0.26,-0.04,0.61
2023-09-13,000519,15.62,15.39,15.66,15.3,110260,170231138.08,2.3,-1.47,-0.23,0.79
2023-09-14,000519,15.39,15.24,15.44,15.16,89626,136980726.0,1.82,-0.97,-0.15,0.64
2023-09-15,000519,15.3,15.19,15.35,15.16,80692,122999381.85,1.25,-0.33,-0.05,0.58
2023-09-18,000519,15.19,15.34,15.55,15.19,154924,238394554.35,2.37,0.99,0.15,1.11
2023-09-19,000519,15.34,15.09,15.4,14.98,142819,216161897.34,2.74,-1.63,-0.25,1.03
2023-09-20,000519,14.99,14.86,15.04,14.86,100464,150165633.21,1.19,-1.52,-0.23,0.72
2023-09-21,000519,14.79,14.81,14.99,14.79,88194,131230494.14,1.35,-0.34,-0.05,0.63
2023-09-22,000519,14.8,14.95,14.96,14.69,107456,159567457.6,1.82,0.95,0.14,0.77
2023-09-25,000519,14.93,14.62,14.95,14.57,148560,218209107.35,2.54,-2.21,-0.33,1.07
2023-09-26,000519,14.62,14.42,14.65,14.41,103409,149959978.86,1.64,-1.37,-0.2,0.74
2023-09-27,000519,14.39,14.52,14.8,14.39,129133,188856689.76,2.84,0.69,0.1,0.93
2023-09-28,000519,14.55,14.76,14.84,14.55,125401,184836490.04,2.0,1.65,0.24,0.9
2023-10-09,000519,14.91,14.87,15.15,14.77,187756,280268378.47,2.57,0.75,0.11,1.35
2023-10-10,000519,14.87,14.89,15.03,14.83,111054,165613104.85,1.34,0.13,0.02,0.8
2023-10-11,000519,14.88,14.66,14.95,14.63,125959,185647748.78,2.15,-1.54,-0.23,0.91
2023-10-12,000519,14.71,14.93,14.97,14.66,153310,227563354.19,2.11,1.84,0.27,1.1
2023-10-13,000519,14.83,14.66,14.89,14.65,119104,175453914.45,1.61,-1.81,-0.27,0.86
2023-10-16,000519,14.68,14.6,14.93,14.46,185832,273471561.81,3.21,-0.41,-0.06,1.34
2023-10-17,000519,14.5,14.39,14.55,14.1,180215,257476311.86,3.08,-1.44,-0.21,1.3
2023-10-18,000519,14.38,14.03,14.38,14.02,142941,201917370.07,2.5,-2.5,-0.36,1.03
2023-10-19,000519,14.02,13.8,14.12,13.8,135326,188577355.57,2.28,-1.64,-0.23,0.97
2023-10-20,000519,13.71,13.66,13.88,13.64,110443,151756031.46,1.74,-1.01,-0.14,0.79
2023-10-23,000519,13.66,13.37,13.68,13.3,132413,178584322.89,2.78,-2.12,-0.29,0.95
2023-10-24,000519,13.38,13.5,13.63,13.37,122425,165210562.07,1.94,0.97,0.13,0.88
2023-10-25,000519,13.57,13.72,13.87,13.51,125662,172664784.38,2.67,1.63,0.22,0.9
2023-10-26,000519,13.7,13.82,13.86,13.46,128369,175419477.21,2.92,0.73,0.1,0.92
2023-10-27,000519,13.71,14.12,14.15,13.68,170739,238650512.08,3.4,2.17,0.3,1.23
2023-10-30,000519,14.07,14.21,14.28,14.0,149909,212207007.11,1.98,0.64,0.09,1.08
2023-10-31,000519,14.23,14.26,14.34,14.15,122348,174208648.41,1.34,0.35,0.05,0.88
2023-11-01,000519,14.24,14.17,14.3,14.11,98486,139655625.1,1.33,-0.63,-0.09,0.71
2023-11-02,000519,14.2,13.95,14.26,13.94,97129,136458286.83,2.26,-1.55,-0.22,0.7
2023-11-03,000519,13.99,14.3,14.36,13.96,160430,228375774.4,2.87,2.51,0.35,1.15
2023-11-06,000519,14.38,14.45,14.47,14.3,123988,178698373.4,1.19,1.05,0.15,0.89
2023-11-07,000519,14.44,14.39,14.47,14.26,112595,161734321.52,1.45,-0.42,-0.06,0.81
2023-11-08,000519,14.4,14.39,14.51,14.32,103064,148494341.05,1.32,0.0,0.0,0.74
2023-11-09,000519,14.39,14.25,14.42,14.24,103073,147382114.43,1.25,-0.97,-0.14,0.74
2023-11-10,000519,14.23,14.2,14.29,14.13,87805,124585122.15,1.12,-0.35,-0.05,0.63
2023-11-13,000519,14.25,14.55,14.58,14.2,174284,251696118.77,2.68,2.46,0.35,1.25
2023-11-14,000519,14.8,15.77,16.01,14.7,1015577,1596883570.2,9.0,8.38,1.22,7.29
2023-11-15,000519,15.5,15.72,15.87,15.45,723269,1129245128.59,2.66,-0.32,-0.05,5.19
2023-11-16,000519,15.72,15.4,15.75,15.4,287861,446028479.81,2.23,-2.04,-0.32,2.07
2023-11-17,000519,15.31,15.36,15.41,15.23,166594,255171345.14,1.17,-0.26,-0.04,1.2
2023-11-20,000519,15.37,15.9,16.1,15.22,571332,899148825.67,5.73,3.52,0.54,4.1
2023-11-21,000519,15.94,15.77,16.17,15.73,471750,751268964.09,2.77,-0.82,-0.13,3.39
2023-11-22,000519,15.75,15.55,15.93,15.55,244016,383183146.13,2.41,-1.4,-0.22,1.75
2023-11-23,000519,15.5,15.76,15.76,15.41,196149,306273571.35,2.25,1.35,0.21,1.41
2023-11-24,000519,15.71,15.45,15.71,15.39,179230,278081673.2,2.03,-1.97,-0.31,1.29
2023-11-27,000519,15.41,15.27,15.45,15.22,147987,226200782.98,1.49,-1.17,-0.18,1.06
2023-11-28,000519,15.24,15.29,15.35,15.14,101406,154593689.15,1.38,0.13,0.02,0.73
2023-11-29,000519,15.22,15.18,15.36,15.17,95844,146225046.94,1.24,-0.72,-0.11,0.69
2023-11-30,000519,15.2,14.86,15.2,14.76,190493,284398044.31,2.9,-2.11,-0.32,1.37
2023-12-01,000519,14.94,14.93,14.99,14.73,119189,176862443.76,1.75,0.47,0.07,0.86
2023-12-04,000519,14.95,14.98,15.1,14.9,130815,196046590.22,1.34,0.33,0.05,0.94
2023-12-05,000519,14.9,14.61,14.97,14.6,111534,164321420.16,2.47,-2.47,-0.37,0.8
2023-12-06,000519,14.67,14.52,14.84,14.5,127283,186325970.76,2.33,-0.62,-0.09,0.91
2023-12-07,000519,14.51,14.52,14.57,14.33,126164,182263628.78,1.65,0.0,0.0,0.91
2023-12-08,000519,14.52,14.3,14.62,14.27,133458,192279748.24,2.41,-1.52,-0.22,0.96
2023-12-11,000519,14.2,14.5,14.55,14.05,122511,175440241.96,3.5,1.4,0.2,0.88
2023-12-12,000519,14.49,14.54,14.7,14.42,102043,148388151.51,1.93,0.28,0.04,0.73
2023-12-13,000519,14.5,14.47,14.72,14.44,120250,175331775.24,1.93,-0.48,-0.07,0.86
2023-12-14,000519,14.49,14.3,14.66,14.29,92057,133014885.28,2.56,-1.17,-0.17,0.66
2023-12-15,000519,14.35,14.22,14.39,14.17,75575,107850146.28,1.54,-0.56,-0.08,0.54
2023-12-18,000519,14.2,14.0,14.24,13.99,92549,130422388.48,1.76,-1.55,-0.22,0.66
2023-12-19,000519,13.96,13.83,14.07,13.75,99076,137514039.74,2.29,-1.21,-0.17,0.71
2023-12-20,000519,13.85,13.6,13.94,13.58,105961,145334739.2,2.6,-1.66,-0.23,0.76
2023-12-21,000519,13.51,13.62,13.66,13.41,98294,133302496.64,1.84,0.15,0.02,0.71
2023-12-22,000519,13.61,13.67,13.84,13.48,163691,223470507.26,2.64,0.37,0.05,1.18
2023-12-25,000519,13.65,13.82,13.9,13.62,120757,166567409.74,2.05,1.1,0.15,0.87
2023-12-26,000519,13.85,13.5,13.86,13.4,114586,154996283.4,3.33,-2.32,-0.32,0.82
2023-12-27,000519,13.5,13.41,13.56,13.31,93077,124829666.65,1.85,-0.67,-0.09,0.67
2023-12-28,000519,13.43,13.83,13.87,13.36,167445,229676509.11,3.8,3.13,0.42,1.2
2023-12-29,000519,13.89,14.04,14.05,13.83,135547,189605158.16,1.59,1.52,0.21,0.97
2024-01-02,000519,14.05,14.09,14.29,14.01,167076,236633120.17,1.99,0.36,0.05,1.2
2024-01-03,000519,14.03,14.04,14.12,13.89,107435,150317781.73,1.63,-0.35,-0.05,0.77
2024-01-04,000519,14.04,13.88,14.13,13.82,92513,129048614.88,2.21,-1.14,-0.16,0.66
2024-01-05,000519,13.83,13.56,13.93,13.48,128567,175582383.0,3.24,-2.31,-0.32,0.92
2024-01-08,000519,13.56,12.67,13.6,12.5,308016,397164594.19,8.11,-6.56,-0.89,2.21
2024-01-09,000519,12.68,12.94,13.04,12.68,173224,223264440.1,2.84,2.13,0.27,1.24
2024-01-10,000519,12.94,12.88,13.08,12.66,107123,138210321.3,3.25,-0.46,-0.06,0.77
2024-01-11,000519,12.88,13.18,13.24,12.85,130052,170268745.63,3.03,2.33,0.3,0.93
2024-01-12,000519,13.21,13.3,13.38,13.16,146430,194443385.55,1.67,0.91,0.12,1.05
2024-01-15,000519,13.2,12.99,13.3,12.99,129757,169538249.86,2.33,-2.33,-0.31,0.93
2024-01-16,000519,13.0,12.83,13.03,12.65,118050,151339288.95,2.93,-1.23,-0.16,0.85
2024-01-17,000519,12.84,12.44,12.84,12.44,104234,131303081.0,3.12,-3.04,-0.39,0.75
2024-01-18,000519,12.31,12.25,12.44,11.87,194926,235288707.62,4.58,-1.53,-0.19,1.4
2024-01-19,000519,12.24,12.23,12.43,12.2,106748,131240790.37,1.88,-0.16,-0.02,0.77
2024-01-22,000519,12.16,11.44,12.2,11.34,177660,208712866.5,7.03,-6.46,-0.79,1.28
2024-01-23,000519,11.5,11.65,11.7,11.22,123653,142559374.96,4.2,1.84,0.21,0.89
2024-01-24,000519,11.73,11.88,11.89,11.43,123938,144834169.04,3.95,1.97,0.23,0.89
2024-01-25,000519,11.96,12.57,12.58,11.86,229856,282768866.49,6.06,5.81,0.69,1.65
2024-01-26,000519,12.58,12.54,12.78,12.5,166955,210533370.66,2.23,-0.24,-0.03,1.2
2024-01-29,000519,12.55,12.32,12.67,12.32,156256,195150421.19,2.79,-1.75,-0.22,1.12
2024-01-30,000519,12.23,11.94,12.36,11.91,134827,163708026.12,3.65,-3.08,-0.38,0.97
2024-01-31,000519,11.92,11.4,11.99,11.38,163265,189586595.04,5.11,-4.52,-0.54,1.17
2024-02-01,000519,11.29,11.13,11.41,10.95,159511,178721333.25,4.04,-2.37,-0.27,1.15
2024-02-02,000519,11.16,10.66,11.38,10.26,200398,217498106.8,10.06,-4.22,-0.47,1.44
2024-02-05,000519,10.62,9.99,10.71,9.7,233996,237090919.75,9.47,-6.29,-0.67,1.68
2024-02-06,000519,9.98,10.99,10.99,9.79,288468,304536796.63,12.01,10.01,1.0,2.07
2024-02-07,000519,11.01,11.98,12.0,11.01,378652,445236154.87,9.01,9.01,0.99,2.72
2024-02-08,000519,12.03,12.4,12.97,12.0,373910,470273456.72,8.1,3.51,0.42,2.69
2024-02-19,000519,12.6,12.39,12.64,12.2,241863,299581448.34,3.55,-0.08,-0.01,1.74
2024-02-20,000519,12.26,12.32,12.37,12.1,143567,175674474.29,2.18,-0.56,-0.07,1.03
2024-02-21,000519,12.23,12.35,12.61,12.12,194357,241869432.03,3.98,0.24,0.03,1.4
2024-02-22,000519,12.3,12.49,12.52,12.25,137416,170954463.95,2.19,1.13,0.14,0.99
2024-02-23,000519,12.52,12.62,12.66,12.33,184399,230728555.94,2.64,1.04,0.13,1.32
2024-02-26,000519,12.63,12.77,12.95,12.6,228637,292700326.3,2.77,1.19,0.15,1.64
2024-02-27,000519,12.68,12.97,12.97,12.62,190315,244512556.37,2.74,1.57,0.2,1.37
2024-02-28,000519,12.97,12.49,13.25,12.48,291434,377302305.36,5.94,-3.7,-0.48,2.09
2024-02-29,000519,12.32,12.88,12.91,12.32,275137,352280128.91,4.72,3.12,0.39,1.98
2024-03-01,000519,12.9,13.18,13.19,12.86,244161,319617434.51,2.56,2.33,0.3,1.75
2024-03-04,000519,13.18,13.22,13.33,13.02,181077,239146060.74,2.35,0.3,0.04,1.3
2024-03-05,000519,13.15,13.25,13.5,13.08,271158,361216156.97,3.18,0.23,0.03,1.95
2024-03-06,000519,13.15,13.33,13.42,13.02,231165,305470875.08,3.02,0.6,0.08,1.66
2024-03-07,000519,13.51,13.13,13.97,13.08,362218,489100010.53,6.68,-1.5,-0.2,2.6
2024-03-08,000519,13.28,13.07,13.33,12.9,196000,255374264.48,3.27,-0.46,-0.06,1.41
2024-03-11,000519,13.04,13.18,13.18,13.01,165652,217193331.82,1.3,0.84,0.11,1.19
2024-03-12,000519,13.23,13.34,13.35,13.13,213536,283235795.17,1.67,1.21,0.16,1.53
2024-03-13,000519,13.33,13.38,13.49,13.16,207795,276883704.25,2.47,0.3,0.04,1.49
2024-03-14,000519,13.34,13.09,13.34,12.95,204126,268207760.02,2.91,-2.17,-0.29,1.47
2024-03-15,000519,13.08,13.31,13.35,13.05,258525,342571975.32,2.29,1.68,0.22,1.86
2024-03-18,000519,13.17,13.41,13.41,13.17,262918,349809494.54,1.8,0.75,0.1,1.89
2024-03-19,000519,13.41,13.31,13.49,13.3,197354,264159880.92,1.42,-0.75,-0.1,1.42
2024-03-20,000519,13.32,13.4,13.48,13.29,170215,228085481.15,1.43,0.68,0.09,1.22
2024-03-21,000519,13.43,13.45,13.52,13.24,190786,255635358.71,2.09,0.37,0.05,1.37
2024-03-22,000519,13.36,13.08,13.43,13.03,205856,270946608.28,2.97,-2.75,-0.37,1.48
2024-03-25,000519,13.05,12.75,13.14,12.74,172278,223369963.56,3.06,-2.52,-0.33,1.24
2024-03-26,000519,12.76,12.6,12.84,12.42,160077,202218797.01,3.29,-1.18,-0.15,1.15
2024-03-27,000519,12.6,12.15,12.62,12.12,157574,194731325.57,3.97,-3.57,-0.45,1.13
2024-03-28,000519,12.23,12.67,12.78,12.17,198648,249891379.95,5.02,4.28,0.52,1.43
2024-03-29,000519,12.75,12.73,12.77,12.55,116978,148000881.65,1.74,0.47,0.06,0.84
2024-04-01,000519,12.74,12.89,12.99,12.74,129520,166749051.92,1.96,1.26,0.16,0.93
2024-04-02,000519,12.91,12.85,12.94,12.69,113019,144838908.58,1.94,-0.31,-0.04,0.81
2024-04-03,000519,12.83,12.72,12.85,12.62,105141,133587421.26,1.79,-1.01,-0.13,0.76
2024-04-08,000519,12.71,12.49,12.81,12.48,127935,161514176.99,2.59,-1.81,-0.23,0.92
2024-04-09,000519,12.41,12.49,12.63,12.41,94743,118507241.01,1.76,0.0,0.0,0.68
2024-04-10,000519,12.48,12.29,12.48,12.16,102201,125726416.37,2.56,-1.6,-0.2,0.73
2024-04-11,000519,12.16,12.29,12.45,12.16,83309,102644582.41,2.36,0.0,0.0,0.6
2024-04-12,000519,12.28,12.2,12.65,12.18,194827,241543205.95,3.82,-0.73,-0.09,1.4
2024-04-15,000519,12.23,12.42,12.72,12.13,273211,340043456.86,4.84,1.8,0.22,1.96
2024-04-16,000519,12.21,11.71,12.26,11.71,263513,316129560.87,4.43,-5.72,-0.71,1.89
2024-04-17,000519,11.8,12.3,12.3,11.8,188564,228582461.03,4.27,5.04,0.59,1.35
2024-04-18,000519,12.28,12.38,12.58,12.16,158086,195794011.76,3.41,0.65,0.08,1.14
2024-04-19,000519,12.31,12.81,12.85,12.26,350681,444845540.09,4.77,3.47,0.43,2.52
2024-04-22,000519,14.09,14.09,14.09,14.09,285712,402568081.19,0.0,9.99,1.28,2.05
2024-04-23,000519,14.85,15.02,15.2,14.52,1563172,2323806680.09,4.83,6.6,0.93,11.23
2024-04-24,000519,14.88,14.5,14.88,14.26,966590,1400329799.54,4.13,-3.46,-0.52,6.94
2024-04-25,000519,14.31,14.3,14.68,14.21,588524,845829961.39,3.24,-1.38,-0.2,4.23
2024-04-26,000519,13.79,13.91,14.03,13.61,863785,1196196542.92,2.94,-2.73,-0.39,6.2
2024-04-29,000519,13.7,13.8,13.9,13.65,537743,741012403.4,1.8,-0.79,-0.11,3.86
2024-04-30,000519,13.84,13.39,13.85,13.38,472755,639238335.68,3.41,-2.97,-0.41,3.39
2024-05-06,000519,13.5,13.52,13.65,13.47,313338,424153898.3,1.34,0.97,0.13,2.25
2024-05-07,000519,13.5,13.84,13.88,13.42,553600,762189099.47,3.4,2.37,0.32,3.98
2024-05-08,000519,13.76,13.56,13.76,13.51,313654,426741241.91,1.81,-2.02,-0.28,2.25
2024-05-09,000519,13.51,13.93,13.99,13.5,466614,644869315.9,3.61,2.73,0.37,3.35
2024-05-10,000519,13.84,13.97,14.06,13.75,432289,602347101.1,2.23,0.29,0.04,3.1
2024-05-13,000519,13.93,13.7,13.93,13.55,275454,376975547.73,2.72,-1.93,-0.27,1.98
2024-05-14,000519,13.7,13.58,13.79,13.53,210256,286230894.95,1.9,-0.88,-0.12,1.51
2024-05-15,000519,13.55,13.31,13.68,13.27,267550,360096623.75,3.02,-1.99,-0.27,1.92
2024-05-16,000519,13.35,13.22,13.45,13.13,232825,309227323.45,2.4,-0.68,-0.09,1.67
2024-05-17,000519,13.22,13.43,13.43,13.15,193439,257478339.5,2.12,1.59,0.21,1.39
2024-05-20,000519,13.56,14.07,14.28,13.41,605896,842288458.07,6.48,4.77,0.64,4.35
2024-05-21,000519,14.0,13.71,14.0,13.65,284755,391160872.09,2.49,-2.56,-0.36,2.04
2024-05-22,000519,13.61,13.62,13.7,13.51,195662,265910793.55,1.39,-0.66,-0.09,1.41
2024-05-23,000519,13.75,14.18,14.44,13.56,945554,1333407667.12,6.46,4.11,0.56,6.79
2024-05-24,000519,13.9,13.46,13.93,13.45,574710,783866497.75,3.39,-5.08,-0.72,4.13
2024-05-27,000519,13.39,13.33,13.41,12.98,388268,511182596.7,3.19,-0.97,-0.13,2.79
2024-05-28,000519,13.31,13.11,13.39,13.06,227164,299327965.9,2.48,-1.65,-0.22,1.63
2024-05-29,000519,13.09,13.1,13.3,13.02,186617,245100724.38,2.14,-0.08,-0.01,1.34
2024-05-30,000519,13.02,13.13,13.25,12.86,231755,303006929.5,2.98,0.23,0.03,1.66
2024-05-31,000519,13.12,13.4,13.58,13.11,306482,409673626.47,3.58,2.06,0.27,2.2
2024-06-03,000519,13.45,13.49,13.77,13.34,329267,447278870.34,3.21,0.67,0.09,2.36
2024-06-04,000519,13.36,13.6,13.62,13.22,215194,288895916.45,2.97,0.82,0.11,1.55
2024-06-05,000519,13.77,14.96,14.96,13.74,1023142,1498027549.33,8.97,10.0,1.36,7.35
2024-06-06,000519,15.0,14.49,15.14,14.4,1132084,1660654673.77,4.95,-3.14,-0.47,8.13
2024-06-07,000519,14.47,15.14,15.44,14.28,1233966,1845549039.14,8.01,4.49,0.65,8.86
2024-06-11,000519,15.05,15.68,15.78,14.81,1071332,1640879327.87,6.41,3.57,0.54,7.69
2024-06-12,000519,15.35,15.53,15.99,15.25,934011,1457602173.52,4.72,-0.96,-0.15,6.71
2024-06-13,000519,15.29,15.23,15.6,15.06,704905,1075119387.17,3.48,-1.93,-0.3,5.06
2024-06-14,000519,15.25,15.0,15.27,14.88,499622,750538862.82,2.56,-1.51,-0.23,3.59
2024-06-17,000519,14.93,15.02,15.24,14.89,415356,624534353.25,2.33,0.13,0.02,2.98
2024-06-18,000519,14.9,14.85,14.98,14.71,435265,645445036.51,1.8,-1.13,-0.17,3.13
2024-06-19,000519,14.74,14.57,14.89,14.55,368525,540262925.57,2.29,-1.89,-0.28,2.65
2024-06-20,000519,14.6,14.17,14.85,14.12,399611,575427868.74,5.01,-2.75,-0.4,2.87
2024-06-21,000519,14.05,14.06,14.18,13.89,253286,355851826.82,2.05,-0.78,-0.11,1.82
2024-06-24,000519,14.06,13.71,14.17,13.66,269225,372849322.76,3.63,-2.49,-0.35,1.93
2024-06-25,000519,13.74,14.19,14.23,13.65,480415,672766135.97,4.23,3.5,0.48,3.45
2024-06-26,000519,14.05,14.24,14.3,13.86,340807,481241325.47,3.1,0.35,0.05,2.45
2024-06-27,000519,14.19,14.0,14.23,13.91,257148,361359495.94,2.25,-1.69,-0.24,1.85
2024-06-28,000519,13.99,14.67,14.87,13.95,606729,884774851.37,6.57,4.79,0.67,4.36
2024-07-01,000519,14.57,14.73,15.13,14.52,520195,770288099.68,4.16,0.41,0.06,3.74
2024-07-02,000519,14.66,14.68,14.87,14.45,355419,520034742.33,2.85,-0.34,-0.05,2.55
2024-07-03,000519,14.6,14.15,14.6,14.1,324132,463012509.02,3.41,-3.61,-0.53,2.33
2024-07-04,000519,14.14,13.92,14.28,13.9,232964,327552127.76,2.69,-1.63,-0.23,1.67
2024-07-05,000519,13.84,14.14,14.15,13.82,252381,353097845.84,2.37,1.58,0.22,1.81
2024-07-08,000519,14.07,13.45,14.08,13.42,330527,451154681.62,4.67,-4.88,-0.69,2.37
2024-07-09,000519,12.87,12.69,13.06,12.22,650693,821709283.56,6.25,-5.65,-0.76,4.67
2024-07-10,000519,12.53,12.31,12.6,12.25,370192,457772547.34,2.76,-2.99,-0.38,2.66
2024-07-11,000519,12.48,12.81,12.88,12.48,365190,463861340.87,3.25,4.06,0.5,2.62
2024-07-12,000519,12.81,12.65,12.85,12.6,194976,247381158.75,1.95,-1.25,-0.16,1.4
2024-07-15,000519,12.65,12.41,12.72,12.34,193495,241186652.2,3.0,-1.9,-0.24,1.39
2024-07-16,000519,12.4,12.38,12.43,12.2,174895,215199854.18,1.85,-0.24,-0.03,1.26
2024-07-17,000519,12.29,12.31,12.39,12.24,149178,183576483.0,1.21,-0.57,-0.07,1.07
2024-07-18,000519,12.25,12.7,12.87,12.05,349424,436667168.2,6.66,3.17,0.39,2.51
2024-07-19,000519,12.58,12.83,13.02,12.55,276939,354872690.53,3.7,1.02,0.13,1.99
2024-07-22,000519,12.83,13.06,13.16,12.78,250250,326145900.5,2.96,1.79,0.23,1.8
2024-07-23,000519,13.0,12.57,13.05,12.57,218019,278586145.53,3.68,-3.75,-0.49,1.57
2024-07-24,000519,12.52,12.65,12.87,12.49,224131,284335396.24,3.02,0.64,0.08,1.61
2024-07-25,000519,12.58,12.66,12.77,12.44,144746,182299186.98,2.61,0.08,0.01,1.04
2024-07-26,000519,12.68,13.29,13.35,12.68,361435,473187601.91,5.29,4.98,0.63,2.6
2024-07-29,000519,13.29,13.3,13.44,13.19,242187,322482194.92,1.88,0.08,0.01,1.74
2024-07-30,000519,13.26,13.21,13.32,13.04,191976,253098248.75,2.11,-0.68,-0.09,1.38
2024-07-31,000519,13.2,13.54,13.55,13.06,299356,400187263.85,3.71,2.5,0.33,2.15
2024-08-01,000519,13.49,13.45,13.73,13.44,311737,423197114.26,2.14,-0.66,-0.09,2.24
2024-08-02,000519,13.34,13.37,13.75,13.31,308783,417852875.07,3.27,-0.59,-0.08,2.22
2024-08-05,000519,13.35,12.93,13.61,12.93,274313,362454028.99,5.09,-3.29,-0.44,1.97
2024-08-06,000519,13.06,13.39,13.56,12.93,350679,466083239.11,4.87,3.56,0.46,2.52
2024-08-07,000519,13.26,13.31,13.49,13.22,259707,346366466.62,2.02,-0.6,-0.08,1.86
2024-08-08,000519,13.26,12.95,13.26,12.86,235258,305647768.28,3.01,-2.7,-0.36,1.69
2024-08-09,000519,13.02,12.78,13.09,12.76,175552,226003519.23,2.55,-1.31,-0.17,1.26
2024-08-12,000519,12.78,12.54,12.79,12.46,195505,244967290.54,2.58,-1.88,-0.24,1.4
2024-08-13,000519,12.56,12.74,12.88,12.51,229355,291012520.98,2.95,1.59,0.2,1.65
2024-08-14,000519,12.63,12.64,12.75,12.51,133248,168310269.66,1.88,-0.78,-0.1,0.96
2024-08-15,000519,12.6,12.59,12.72,12.4,210882,264792081.42,2.53,-0.4,-0.05,1.51
2024-08-16,000519,12.71,12.37,12.8,12.35,228850,285742288.27,3.57,-1.75,-0.22,1.64
2024-08-19,000519,12.35,12.4,12.49,12.28,137359,170206084.93,1.7,0.24,0.03,0.99
2024-08-20,000519,12.37,12.11,12.37,12.06,170512,207421212.15,2.5,-2.34,-0.29,1.22
2024-08-21,000519,12.04,12.01,12.11,11.95,119116,143024970.31,1.32,-0.83,-0.1,0.86
2024-08-22,000519,12.01,11.76,12.04,11.74,154230,182842874.6,2.5,-2.08,-0.25,1.11
2024-08-23,000519,11.79,11.57,11.81,11.56,150344,174937661.18,2.13,-1.62,-0.19,1.08
2024-08-26,000519,11.56,11.62,11.64,11.42,125083,144382978.33,1.9,0.43,0.05,0.9
2024-08-27,000519,11.59,11.23,11.59,11.2,154475,174867722.91,3.36,-3.36,-0.39,1.11
2024-08-28,000519,11.21,11.33,11.42,11.14,111614,126276474.72,2.49,0.89,0.1,0.8
2024-08-29,000519,11.24,11.45,11.54,11.18,150886,172385401.67,3.18,1.06,0.12,1.08
2024-08-30,000519,11.47,11.65,11.79,11.36,223130,259623670.92,3.76,1.75,0.2,1.6
2024-09-02,000519,11.6,11.47,11.71,11.43,135780,157111376.75,2.4,-1.55,-0.18,0.98
2024-09-03,000519,11.45,11.74,11.77,11.45,169449,197741933.01,2.79,2.35,0.27,1.22
2024-09-04,000519,11.67,11.7,11.78,11.61,116668,136409204.74,1.45,-0.34,-0.04,0.84
2024-09-05,000519,11.73,11.79,11.83,11.68,129567,152473758.4,1.28,0.77,0.09,0.93
2024-09-06,000519,11.79,11.5,11.84,11.48,119224,138498207.36,3.05,-2.46,-0.29,0.86
2024-09-09,000519,11.44,11.56,11.64,11.38,92892,107083010.39,2.26,0.52,0.06,0.67
2024-09-10,000519,11.57,11.52,11.63,11.28,106678,122161991.24,3.03,-0.35,-0.04,0.77
2024-09-11,000519,11.46,11.37,11.51,11.28,121154,137999520.03,2.0,-1.3,-0.15,0.87
2024-09-12,000519,11.37,11.36,11.57,11.35,96934,111114933.3,1.93,-0.09,-0.01,0.7
2024-09-13,000519,11.42,11.45,11.7,11.36,205629,236955937.22,2.99,0.79,0.09,1.48
2024-09-18,000519,11.43,11.85,12.11,11.38,336856,397712394.92,6.38,3.49,0.4,2.42
2024-09-19,000519,11.84,11.85,11.88,11.52,275651,323025270.55,3.04,0.0,0.0,1.98
2024-09-20,000519,11.75,11.71,11.83,11.6,158531,185454816.28,1.94,-1.18,-0.14,1.14
2024-09-23,000519,11.75,12.17,12.24,11.75,389639,470623210.32,4.18,3.93,0.46,2.8
2024-09-24,000519,12.12,12.31,12.38,12.02,381303,465454817.13,2.96,1.15,0.14,2.74
2024-09-25,000519,12.36,12.45,12.99,12.36,503876,633660935.99,5.12,1.14,0.14,3.62
2024-09-26,000519,12.31,12.72,12.74,12.29,392123,492568826.42,3.61,2.17,0.27,2.82
2024-09-27,000519,12.9,13.44,13.66,12.88,555272,733003681.81,6.13,5.66,0.72,3.99
2024-09-30,000519,14.3,14.72,14.74,13.8,821035,1177703835.88,6.99,9.52,1.28,5.9
2024-10-08,000519,16.19,16.19,16.19,15.16,1078288,1716424371.01,7.0,9.99,1.47,7.74
2024-10-09,000519,16.12,14.98,16.12,14.95,745409,1154406410.63,7.23,-7.47,-1.21,5.35
2024-10-10,000519,14.91,15.08,15.8,14.7,572441,870556478.25,7.34,0.67,0.1,4.11
2024-10-11,000519,15.0,14.15,15.0,13.89,503557,720886216.22,7.36,-6.17,-0.93,3.62
2024-10-14,000519,14.6,14.99,15.12,14.5,764655,1134117815.43,4.38,5.94,0.84,5.49
2024-10-15,000519,14.52,15.94,16.12,14.5,1226710,1896582504.49,10.81,6.34,0.95,8.81
2024-10-16,000519,15.56,15.17,15.56,14.9,837655,1276968531.62,4.14,-4.83,-0.77,6.02
2024-10-17,000519,14.98,14.75,15.24,14.72,581309,870812192.54,3.43,-2.77,-0.42,4.17
2024-10-18,000519,14.56,15.06,15.32,14.4,703054,1042677443.63,6.24,2.1,0.31,5.05
2024-10-21,000519,15.38,15.64,15.8,15.22,855412,1329349178.36,3.85,3.85,0.58,6.14
2024-10-22,000519,15.5,15.27,15.5,15.12,518068,790847428.01,2.43,-2.37,-0.37,3.72
2024-10-23,000519,15.23,15.77,16.24,15.2,965464,1527188163.96,6.81,3.27,0.5,6.93
2024-10-24,000519,15.6,15.29,15.66,15.2,507211,778530325.05,2.92,-3.04,-0.48,3.64
2024-10-25,000519,15.2,15.29,15.55,15.2,412907,633134281.36,2.29,0.0,0.0,2.97
2024-10-28,000519,15.32,16.82,16.82,15.22,1385164,2266660892.28,10.46,10.01,1.53,9.95
2024-10-29,000519,17.0,16.9,17.83,16.88,1958611,3391585188.08,5.65,0.48,0.08,14.06
2024-10-30,000519,16.6,16.76,17.7,16.6,1264845,2168980918.09,6.51,-0.83,-0.14,9.08
2024-10-31,000519,16.5,16.97,17.25,16.13,1065738,1781852038.18,6.68,1.25,0.21,7.65
2024-11-01,000519,16.75,16.22,17.19,16.12,778928,1286090392.7,6.31,-4.42,-0.75,5.59
2024-11-04,000519,16.05,16.36,16.66,16.01,500561,817323223.54,4.01,0.86,0.14,3.59
2024-11-05,000519,16.3,17.0,17.1,16.16,881466,1484913412.76,5.75,3.91,0.64,6.33
2024-11-06,000519,17.25,16.9,17.39,16.75,854298,1455607252.96,3.76,-0.59,-0.1,6.13
2024-11-07,000519,16.64,16.54,16.72,16.14,739110,1213358810.53,3.43,-2.13,-0.36,5.31
2024-11-08,000519,16.55,16.92,17.35,16.42,914814,1536260300.73,5.62,2.3,0.38,6.57
2024-11-11,000519,17.0,17.14,17.19,16.75,739293,1258293873.23,2.6,1.3,0.22,5.31
2024-11-12,000519,17.16,16.65,17.2,16.44,568974,954866393.26,4.43,-2.86,-0.49,4.09
2024-11-13,000519,16.43,16.38,16.69,16.06,421290,686805262.57,3.78,-1.62,-0.27,3.03
2024-11-14,000519,16.4,15.7,16.4,15.65,517652,821599378.5,4.58,-4.15,-0.68,3.72
2024-11-15,000519,15.57,15.03,15.76,15.0,432430,663336639.02,4.84,-4.27,-0.67,3.11
2024-11-18,000519,15.04,14.66,15.18,14.5,326667,482819179.8,4.52,-2.46,-0.37,2.35
2024-11-19,000519,14.77,14.88,14.88,14.51,256096,377455149.5,2.52,1.5,0.22,1.84
2024-11-20,000519,14.91,15.09,15.18,14.85,273740,410864992.0,2.22,1.41,0.21,1.97
2024-11-21,000519,15.1,15.07,15.22,14.95,225862,340531212.76,1.79,-0.13,-0.02,1.62
2024-11-22,000519,15.18,15.5,16.58,14.88,782195,1228617810.96,11.28,2.85,0.43,5.62
2024-11-25,000519,15.12,15.06,15.43,14.71,474034,708834794.02,4.65,-2.84,-0.44,3.4
2024-11-26,000519,14.97,14.6,14.99,14.58,280204,413949664.34,2.72,-3.05,-0.46,2.01
2024-11-27,000519,14.5,14.91,15.0,14.26,319943,469999385.36,5.07,2.12,0.31,2.3
2024-11-28,000519,14.84,14.85,15.25,14.8,258536,388739192.7,3.02,-0.4,-0.06,1.86
2024-11-29,000519,14.83,15.11,15.19,14.67,286976,430526398.6,3.5,1.75,0.26,2.06
2024-12-02,000519,15.12,15.2,15.29,15.01,274930,417551132.36,1.85,0.6,0.09,1.97
2024-12-03,000519,15.21,15.5,15.62,15.13,458828,710174096.38,3.22,1.97,0.3,3.29
2024-12-04,000519,15.78,15.39,16.1,15.3,485634,763525936.43,5.16,-0.71,-0.11,3.49
2024-12-05,000519,15.29,16.07,16.16,15.22,675750,1069678895.2,6.11,4.42,0.68,4.85
2024-12-06,000519,16.0,16.79,17.0,15.9,1025161,1700146936.51,6.85,4.48,0.72,7.36
2024-12-09,000519,16.79,16.17,16.79,16.04,585285,953150210.26,4.47,-3.69,-0.62,4.2
2024-12-10,000519,16.5,15.83,16.56,15.8,666869,1070724799.18,4.7,-2.1,-0.34,4.79
2024-12-11,000519,15.75,15.95,16.25,15.7,336451,535649749.92,3.47,0.76,0.12,2.42
2024-12-12,000519,15.9,15.95,16.28,15.78,317586,507808361.91,3.13,0.0,0.0,2.28
2024-12-13,000519,15.82,15.48,15.84,15.46,362675,565665549.27,2.38,-2.95,-0.47,2.6
2024-12-16,000519,15.41,15.26,15.51,15.18,201873,309015298.93,2.13,-1.42,-0.22,1.45
2024-12-17,000519,15.29,14.98,15.36,14.94,200627,303561083.6,2.75,-1.83,-0.28,1.44
2024-12-18,000519,15.05,15.18,15.27,14.97,174897,265096139.59,2.0,1.34,0.2,1.26
2024-12-19,000519,15.09,15.0,15.1,14.87,172275,258354482.63,1.52,-1.19,-0.18,1.24
2024-12-20,000519,15.0,15.1,15.13,14.92,163146,245716995.63,1.4,0.67,0.1,1.17
2024-12-23,000519,15.22,15.72,15.89,15.15,665615,1040344238.58,4.9,4.11,0.62,4.78
2024-12-24,000519,15.47,15.39,15.48,15.03,417860,636539027.42,2.86,-2.1,-0.33,3.0
2024-12-25,000519,15.25,14.71,15.25,14.62,344058,512578492.91,4.09,-4.42,-0.68,2.47
2024-12-26,000519,14.62,14.8,14.99,14.62,186804,277658178.98,2.52,0.61,0.09,1.34
2024-12-27,000519,14.95,14.85,15.07,14.81,179768,268456472.84,1.76,0.34,0.05,1.29
2024-12-30,000519,14.86,14.7,14.87,14.61,187390,275831281.28,1.75,-1.01,-0.15,1.35
2024-12-31,000519,14.7,14.45,14.93,14.44,232248,341919658.61,3.33,-1.7,-0.25,1.67
