date,long,short,ls_gross,turnover,cost_bps,ls_net,overlap_long,overlap_short,long_turnover,short_turnover,added_long,removed_long,added_short,removed_short,cum_ls_net,cum_ls_gross,drawdown
2022-02-07,0.009643103418157176,0.009643103418157176,0.0,2.0,0.0005,-0.001,0.0,0.0,1.0,1.0,16,0,16,0,-0.001,0.0,0.0
2022-02-08,0.0074814684727791065,0.0074814684727791065,0.0,0.0,0.0005,0.0,1.0,1.0,0.0,0.0,0,0,0,0,-0.001,0.0,0.0
2022-02-10,-0.00020265198376240626,-0.00020265198376240626,0.0,0.0,0.0005,0.0,1.0,1.0,0.0,0.0,0,0,0,0,-0.001,0.0,0.0
2022-02-11,-0.015963249409229087,-0.015963249409229087,0.0,0.0,0.0005,0.0,1.0,1.0,0.0,0.0,0,0,0,0,-0.001,0.0,0.0
2022-03-08,-0.014623754132221532,-0.014623754132221532,0.0,0.0,0.0005,0.0,1.0,1.0,0.0,0.0,0,0,0,0,-0.001,0.0,0.0
2022-03-09,0.010504996972062506,0.010504996972062506,0.0,0.0,0.0005,0.0,1.0,1.0,0.0,0.0,0,0,0,0,-0.001,0.0,0.0
2022-03-10,0.012588234826164406,0.012588234826164406,0.0,0.0,0.0005,0.0,1.0,1.0,0.0,0.0,0,0,0,0,-0.001,0.0,0.0
2022-03-11,-0.028332408639249126,-0.028332408639249126,0.0,0.0,0.0005,0.0,1.0,1.0,0.0,0.0,0,0,0,0,-0.001,0.0,0.0
2022-03-14,-0.05396939217955798,-0.05396939217955798,0.0,0.0,0.0005,0.0,1.0,1.0,0.0,0.0,0,0,0,0,-0.001,0.0,0.0
2022-03-15,0.03860099938021728,0.03860099938021728,0.0,0.0,0.0005,0.0,1.0,1.0,0.0,0.0,0,0,0,0,-0.001,0.0,0.0
2022-03-23,-0.013002232165727275,-0.013002232165727275,0.0,0.0,0.0005,0.0,1.0,1.0,0.0,0.0,0,0,0,0,-0.001,0.0,0.0
2022-03-24,-0.012661557486342468,-0.012661557486342468,0.0,0.0,0.0005,0.0,1.0,1.0,0.0,0.0,0,0,0,0,-0.001,0.0,0.0
2022-03-25,0.0009754245380740002,0.0009754245380740002,0.0,0.0,0.0005,0.0,1.0,1.0,0.0,0.0,0,0,0,0,-0.001,0.0,0.0
2022-03-28,-0.009928555362921844,-0.009928555362921844,0.0,0.0,0.0005,0.0,1.0,1.0,0.0,0.0,0,0,0,0,-0.001,0.0,0.0
2022-03-29,0.03169999708480924,0.03169999708480924,0.0,0.0,0.0005,0.0,1.0,1.0,0.0,0.0,0,0,0,0,-0.001,0.0,0.0
2022-03-30,-0.004495694264322569,-0.004495694264322569,0.0,0.0,0.0005,0.0,1.0,1.0,0.0,0.0,0,0,0,0,-0.001,0.0,0.0
2022-03-31,0.018044103341152806,0.018044103341152806,0.0,0.0,0.0005,0.0,1.0,1.0,0.0,0.0,0,0,0,0,-0.001,0.0,0.0
2022-04-01,0.009415529568819875,0.009415529568819875,0.0,0.0,0.0005,0.0,1.0,1.0,0.0,0.0,0,0,0,0,-0.001,0.0,0.0
2022-04-06,-0.016525839995338465,-0.016525839995338465,0.0,0.0,0.0005,0.0,1.0,1.0,0.0,0.0,0,0,0,0,-0.001,0.0,0.0
2022-04-07,0.01629934073102867,0.01629934073102867,0.0,0.0,0.0005,0.0,1.0,1.0,0.0,0.0,0,0,0,0,-0.001,0.0,0.0
2022-04-08,-0.025256895724389168,-0.025256895724389168,0.0,0.0,0.0005,0.0,1.0,1.0,0.0,0.0,0,0,0,0,-0.001,0.0,0.0
2022-04-15,-0.00772693201863942,-0.00772693201863942,0.0,0.0,0.0005,0.0,1.0,1.0,0.0,0.0,0,0,0,0,-0.001,0.0,0.0
2022-04-18,-0.007370343136539819,-0.007370343136539819,0.0,0.0,0.0005,0.0,1.0,1.0,0.0,0.0,0,0,0,0,-0.001,0.0,0.0
2022-04-19,-0.018243694291457488,-0.018243694291457488,0.0,0.0,0.0005,0.0,1.0,1.0,0.0,0.0,0,0,0,0,-0.001,0.0,0.0
2022-04-20,-0.018028112375516055,-0.018028112375516055,0.0,0.0,0.0005,0.0,1.0,1.0,0.0,0.0,0,0,0,0,-0.001,0.0,0.0
2022-04-21,0.009014269242453975,0.009014269242453975,0.0,0.0,0.0005,0.0,1.0,1.0,0.0,0.0,0,0,0,0,-0.001,0.0,0.0
2022-04-22,-0.052688865506203914,-0.052688865506203914,0.0,0.0,0.0005,0.0,1.0,1.0,0.0,0.0,0,0,0,0,-0.001,0.0,0.0
2022-05-19,0.015541797053700894,0.015541797053700894,0.0,0.0,0.0005,0.0,1.0,1.0,0.0,0.0,0,0,0,0,-0.001,0.0,0.0
2022-05-20,-0.013244982800225586,-0.013244982800225586,0.0,0.0,0.0005,0.0,1.0,1.0,0.0,0.0,0,0,0,0,-0.001,0.0,0.0
2022-05-23,-0.023114771429034498,-0.023114771429034498,0.0,0.0,0.0005,0.0,1.0,1.0,0.0,0.0,0,0,0,0,-0.001,0.0,0.0
2022-05-24,0.007102736837998981,0.007102736837998981,0.0,0.0,0.0005,0.0,1.0,1.0,0.0,0.0,0,0,0,0,-0.001,0.0,0.0
2022-05-25,0.01245735322796578,0.01245735322796578,0.0,0.0,0.0005,0.0,1.0,1.0,0.0,0.0,0,0,0,0,-0.001,0.0,0.0
2022-05-26,0.004700914487419512,0.004700914487419512,0.0,0.0,0.0005,0.0,1.0,1.0,0.0,0.0,0,0,0,0,-0.001,0.0,0.0
2022-05-27,0.0029504789506691873,0.0029504789506691873,0.0,0.0,0.0005,0.0,1.0,1.0,0.0,0.0,0,0,0,0,-0.001,0.0,0.0
2022-05-30,0.008581566944868987,0.008581566944868987,0.0,0.0,0.0005,0.0,1.0,1.0,0.0,0.0,0,0,0,0,-0.001,0.0,0.0
2022-06-01,-0.003265966232922882,-0.003265966232922882,0.0,0.0,0.0005,0.0,1.0,1.0,0.0,0.0,0,0,0,0,-0.001,0.0,0.0
2022-06-15,-0.016746981358859436,-0.016746981358859436,0.0,0.0,0.0005,0.0,1.0,1.0,0.0,0.0,0,0,0,0,-0.001,0.0,0.0
2022-06-16,0.009757753867366194,0.009757753867366194,0.0,0.0,0.0005,0.0,1.0,1.0,0.0,0.0,0,0,0,0,-0.001,0.0,0.0
2022-06-17,0.005329861173233757,0.005329861173233757,0.0,0.0,0.0005,0.0,1.0,1.0,0.0,0.0,0,0,0,0,-0.001,0.0,0.0
2022-06-20,0.0009355690490435878,0.0009355690490435878,0.0,0.0,0.0005,0.0,1.0,1.0,0.0,0.0,0,0,0,0,-0.001,0.0,0.0
2022-06-21,-0.018984639159218705,-0.018984639159218705,0.0,0.0,0.0005,0.0,1.0,1.0,0.0,0.0,0,0,0,0,-0.001,0.0,0.0
2022-06-22,0.017070569044330526,0.017070569044330526,0.0,0.0,0.0005,0.0,1.0,1.0,0.0,0.0,0,0,0,0,-0.001,0.0,0.0
2022-07-01,1.5864938317012396e-05,1.5864938317012396e-05,0.0,0.0,0.0005,0.0,1.0,1.0,0.0,0.0,0,0,0,0,-0.001,0.0,0.0
2022-07-06,-0.0010440186511460562,-0.0010440186511460562,0.0,0.0,0.0005,0.0,1.0,1.0,0.0,0.0,0,0,0,0,-0.001,0.0,0.0
2022-07-07,0.005352059773512919,0.005352059773512919,0.0,0.0,0.0005,0.0,1.0,1.0,0.0,0.0,0,0,0,0,-0.001,0.0,0.0
2022-07-08,-0.010676242592778194,-0.010676242592778194,0.0,0.0,0.0005,0.0,1.0,1.0,0.0,0.0,0,0,0,0,-0.001,0.0,0.0
2022-07-11,-0.000331458957941887,-0.000331458957941887,0.0,0.0,0.0005,0.0,1.0,1.0,0.0,0.0,0,0,0,0,-0.001,0.0,0.0
2022-07-12,0.004045276671020757,0.004045276671020757,0.0,0.0,0.0005,0.0,1.0,1.0,0.0,0.0,0,0,0,0,-0.001,0.0,0.0
2022-07-13,-0.004354111267059186,-0.004354111267059186,0.0,0.0,0.0005,0.0,1.0,1.0,0.0,0.0,0,0,0,0,-0.001,0.0,0.0
2022-07-15,0.02454386004692597,0.02454386004692597,0.0,0.0,0.0005,0.0,1.0,1.0,0.0,0.0,0,0,0,0,-0.001,0.0,0.0
2022-07-18,-0.001441082965990575,-0.001441082965990575,0.0,0.0,0.0005,0.0,1.0,1.0,0.0,0.0,0,0,0,0,-0.001,0.0,0.0
2022-07-19,0.0020224203415320375,0.0020224203415320375,0.0,0.0,0.0005,0.0,1.0,1.0,0.0,0.0,0,0,0,0,-0.001,0.0,0.0
2022-07-20,-0.012462772710220945,-0.012462772710220945,0.0,0.0,0.0005,0.0,1.0,1.0,0.0,0.0,0,0,0,0,-0.001,0.0,0.0
2022-08-17,-0.012023305089533157,-0.012023305089533157,0.0,0.11764705882352944,0.0005,-5.882352941176472e-05,0.9411764705882353,0.9411764705882353,0.05882352941176472,0.05882352941176472,1,0,1,0,-0.0010588235294117648,0.0,-5.882352941176481e-05
2022-08-18,0.001858060363457988,0.001858060363457988,0.0,0.0,0.0005,0.0,1.0,1.0,0.0,0.0,0,0,0,0,-0.0010588235294117648,0.0,-5.882352941176481e-05
2022-08-19,0.008190218529734363,0.008190218529734363,0.0,0.0,0.0005,0.0,1.0,1.0,0.0,0.0,0,0,0,0,-0.0010588235294117648,0.0,-5.882352941176481e-05
2022-08-22,-0.004907360432665188,-0.004907360432665188,0.0,0.0,0.0005,0.0,1.0,1.0,0.0,0.0,0,0,0,0,-0.0010588235294117648,0.0,-5.882352941176481e-05
2022-08-23,-0.017820121577562936,-0.017820121577562936,0.0,0.0,0.0005,0.0,1.0,1.0,0.0,0.0,0,0,0,0,-0.0010588235294117648,0.0,-5.882352941176481e-05
2022-08-24,0.008705405876977894,0.008705405876977894,0.0,0.0,0.0005,0.0,1.0,1.0,0.0,0.0,0,0,0,0,-0.0010588235294117648,0.0,-5.882352941176481e-05
2022-08-25,-0.00492856131711273,-0.00492856131711273,0.0,0.0,0.0005,0.0,1.0,1.0,0.0,0.0,0,0,0,0,-0.0010588235294117648,0.0,-5.882352941176481e-05
2022-09-05,0.006020272708415865,0.006020272708415865,0.0,0.0,0.0005,0.0,1.0,1.0,0.0,0.0,0,0,0,0,-0.0010588235294117648,0.0,-5.882352941176481e-05
2022-09-07,-0.004306565024241918,-0.004306565024241918,0.0,0.0,0.0005,0.0,1.0,1.0,0.0,0.0,0,0,0,0,-0.0010588235294117648,0.0,-5.882352941176481e-05
2022-09-09,0.002967890035152553,0.002967890035152553,0.0,0.0,0.0005,0.0,1.0,1.0,0.0,0.0,0,0,0,0,-0.0010588235294117648,0.0,-5.882352941176481e-05
2022-09-13,-0.010865060556426684,-0.010865060556426684,0.0,0.0,0.0005,0.0,1.0,1.0,0.0,0.0,0,0,0,0,-0.0010588235294117648,0.0,-5.882352941176481e-05
2022-09-14,-0.004546482467212577,-0.004546482467212577,0.0,0.0,0.0005,0.0,1.0,1.0,0.0,0.0,0,0,0,0,-0.0010588235294117648,0.0,-5.882352941176481e-05
2022-09-15,-0.027177417198189297,-0.027177417198189297,0.0,0.0,0.0005,0.0,1.0,1.0,0.0,0.0,0,0,0,0,-0.0010588235294117648,0.0,-5.882352941176481e-05
2022-09-19,0.004587294586426377,0.004587294586426377,0.0,0.0,0.0005,0.0,1.0,1.0,0.0,0.0,0,0,0,0,-0.0010588235294117648,0.0,-5.882352941176481e-05
2022-09-26,0.014894266148296234,0.014894266148296234,0.0,0.0,0.0005,0.0,1.0,1.0,0.0,0.0,0,0,0,0,-0.0010588235294117648,0.0,-5.882352941176481e-05
2022-09-27,-0.01290533979960316,-0.01290533979960316,0.0,0.0,0.0005,0.0,1.0,1.0,0.0,0.0,0,0,0,0,-0.0010588235294117648,0.0,-5.882352941176481e-05
2022-09-28,-0.009170215490517022,-0.009170215490517022,0.0,0.0,0.0005,0.0,1.0,1.0,0.0,0.0,0,0,0,0,-0.0010588235294117648,0.0,-5.882352941176481e-05
2022-09-29,0.004470429729566158,0.004470429729566158,0.0,0.0,0.0005,0.0,1.0,1.0,0.0,0.0,0,0,0,0,-0.0010588235294117648,0.0,-5.882352941176481e-05
2022-10-10,0.0034815706500845233,0.0034815706500845233,0.0,0.0,0.0005,0.0,1.0,1.0,0.0,0.0,0,0,0,0,-0.0010588235294117648,0.0,-5.882352941176481e-05
2022-10-12,-0.004905286997394823,-0.004905286997394823,0.0,0.0,0.0005,0.0,1.0,1.0,0.0,0.0,0,0,0,0,-0.0010588235294117648,0.0,-5.882352941176481e-05
2022-10-14,0.0053522420878909,0.0053522420878909,0.0,0.0,0.0005,0.0,1.0,1.0,0.0,0.0,0,0,0,0,-0.0010588235294117648,0.0,-5.882352941176481e-05
2022-11-01,0.0137984990436416,0.0137984990436416,0.0,0.0,0.0005,0.0,1.0,1.0,0.0,0.0,0,0,0,0,-0.0010588235294117648,0.0,-5.882352941176481e-05
2022-11-02,-0.0026725723888556888,-0.0026725723888556888,0.0,0.0,0.0005,0.0,1.0,1.0,0.0,0.0,0,0,0,0,-0.0010588235294117648,0.0,-5.882352941176481e-05
2022-11-03,0.028529424207646564,0.028529424207646564,0.0,0.0,0.0005,0.0,1.0,1.0,0.0,0.0,0,0,0,0,-0.0010588235294117648,0.0,-5.882352941176481e-05
2022-11-04,0.0029292159113458653,0.0029292159113458653,0.0,0.0,0.0005,0.0,1.0,1.0,0.0,0.0,0,0,0,0,-0.0010588235294117648,0.0,-5.882352941176481e-05
2022-11-07,0.0015923239679501472,0.0015923239679501472,0.0,0.0,0.0005,0.0,1.0,1.0,0.0,0.0,0,0,0,0,-0.0010588235294117648,0.0,-5.882352941176481e-05
2022-11-08,-0.0075833858365068115,-0.0075833858365068115,0.0,0.0,0.0005,0.0,1.0,1.0,0.0,0.0,0,0,0,0,-0.0010588235294117648,0.0,-5.882352941176481e-05
2022-11-09,-0.004229224798157329,-0.004229224798157329,0.0,0.0,0.0005,0.0,1.0,1.0,0.0,0.0,0,0,0,0,-0.0010588235294117648,0.0,-5.882352941176481e-05
2022-11-10,0.03153331943344919,0.03153331943344919,0.0,0.0,0.0005,0.0,1.0,1.0,0.0,0.0,0,0,0,0,-0.0010588235294117648,0.0,-5.882352941176481e-05
2022-11-11,-0.0007688308179550185,-0.0007688308179550185,0.0,0.0,0.0005,0.0,1.0,1.0,0.0,0.0,0,0,0,0,-0.0010588235294117648,0.0,-5.882352941176481e-05
2022-11-14,0.016523281031491942,0.016523281031491942,0.0,0.0,0.0005,0.0,1.0,1.0,0.0,0.0,0,0,0,0,-0.0010588235294117648,0.0,-5.882352941176481e-05
2022-11-15,-0.009429234795214242,-0.009429234795214242,0.0,0.0,0.0005,0.0,1.0,1.0,0.0,0.0,0,0,0,0,-0.0010588235294117648,0.0,-5.882352941176481e-05
2022-11-16,-0.00048080077519027084,-0.00048080077519027084,0.0,0.0,0.0005,0.0,1.0,1.0,0.0,0.0,0,0,0,0,-0.0010588235294117648,0.0,-5.882352941176481e-05
2022-11-17,-0.0034858895617936175,-0.0034858895617936175,0.0,0.0,0.0005,0.0,1.0,1.0,0.0,0.0,0,0,0,0,-0.0010588235294117648,0.0,-5.882352941176481e-05
2022-11-18,-0.007313422997403042,-0.007313422997403042,0.0,0.0,0.0005,0.0,1.0,1.0,0.0,0.0,0,0,0,0,-0.0010588235294117648,0.0,-5.882352941176481e-05
2022-11-21,0.005368813036494741,0.005368813036494741,0.0,0.0,0.0005,0.0,1.0,1.0,0.0,0.0,0,0,0,0,-0.0010588235294117648,0.0,-5.882352941176481e-05
2022-11-22,0.00627019381775323,0.00627019381775323,0.0,0.0,0.0005,0.0,1.0,1.0,0.0,0.0,0,0,0,0,-0.0010588235294117648,0.0,-5.882352941176481e-05
2022-11-23,-0.005743900906581105,-0.005743900906581105,0.0,0.0,0.0005,0.0,1.0,1.0,0.0,0.0,0,0,0,0,-0.0010588235294117648,0.0,-5.882352941176481e-05
2022-11-24,0.021272026230736107,0.021272026230736107,0.0,0.0,0.0005,0.0,1.0,1.0,0.0,0.0,0,0,0,0,-0.0010588235294117648,0.0,-5.882352941176481e-05
2022-11-25,-0.011386321128789853,-0.011386321128789853,0.0,0.0,0.0005,0.0,1.0,1.0,0.0,0.0,0,0,0,0,-0.0010588235294117648,0.0,-5.882352941176481e-05
2022-11-28,0.033680310871977176,0.033680310871977176,0.0,0.0,0.0005,0.0,1.0,1.0,0.0,0.0,0,0,0,0,-0.0010588235294117648,0.0,-5.882352941176481e-05
2022-11-29,0.0015630980255194474,0.0015630980255194474,0.0,0.0,0.0005,0.0,1.0,1.0,0.0,0.0,0,0,0,0,-0.0010588235294117648,0.0,-5.882352941176481e-05
2022-11-30,0.0031987840635365463,0.0031987840635365463,0.0,0.0,0.0005,0.0,1.0,1.0,0.0,0.0,0,0,0,0,-0.0010588235294117648,0.0,-5.882352941176481e-05
2022-12-01,-0.003255448487283976,-0.003255448487283976,0.0,0.0,0.0005,0.0,1.0,1.0,0.0,0.0,0,0,0,0,-0.0010588235294117648,0.0,-5.882352941176481e-05
2022-12-02,0.03276538390263717,0.03276538390263717,0.0,0.0,0.0005,0.0,1.0,1.0,0.0,0.0,0,0,0,0,-0.0010588235294117648,0.0,-5.882352941176481e-05
2022-12-05,0.011907451002043018,0.011907451002043018,0.0,0.0,0.0005,0.0,1.0,1.0,0.0,0.0,0,1,0,1,-0.0010588235294117648,0.0,-5.882352941176481e-05
2022-12-06,0.004778449703047244,0.004778449703047244,0.0,0.0,0.0005,0.0,1.0,1.0,0.0,0.0,0,0,0,0,-0.0010588235294117648,0.0,-5.882352941176481e-05
2022-12-07,-0.002985348319104994,-0.002985348319104994,0.0,0.0,0.0005,0.0,1.0,1.0,0.0,0.0,0,0,0,0,-0.0010588235294117648,0.0,-5.882352941176481e-05
2022-12-12,-0.008442945174365031,-0.008442945174365031,0.0,0.0,0.0005,0.0,1.0,1.0,0.0,0.0,0,0,0,0,-0.0010588235294117648,0.0,-5.882352941176481e-05
2022-12-14,-0.006908043470347012,-0.006908043470347012,0.0,0.0,0.0005,0.0,1.0,1.0,0.0,0.0,0,0,0,0,-0.0010588235294117648,0.0,-5.882352941176481e-05
2022-12-15,0.004105818050322301,0.004105818050322301,0.0,0.0,0.0005,0.0,1.0,1.0,0.0,0.0,0,0,0,0,-0.0010588235294117648,0.0,-5.882352941176481e-05
2022-12-16,-0.018579962516553673,-0.018579962516553673,0.0,0.0,0.0005,0.0,1.0,1.0,0.0,0.0,0,0,0,0,-0.0010588235294117648,0.0,-5.882352941176481e-05
2022-12-19,-0.014334058900042131,-0.014334058900042131,0.0,0.11764705882352944,0.0005,-5.882352941176472e-05,0.9411764705882353,0.9411764705882353,0.05882352941176472,0.05882352941176472,1,0,1,0,-0.0011176470588235296,0.0,-0.00011764705882352962
2022-12-20,-0.0009805343063509825,-0.0009805343063509825,0.0,0.0,0.0005,0.0,1.0,1.0,0.0,0.0,0,0,0,0,-0.0011176470588235296,0.0,-0.00011764705882352962
2022-12-21,-0.0034273228444858116,-0.0034273228444858116,0.0,0.0,0.0005,0.0,1.0,1.0,0.0,0.0,0,0,0,0,-0.0011176470588235296,0.0,-0.00011764705882352962
2022-12-22,-0.002121319423317388,-0.002121319423317388,0.0,0.0,0.0005,0.0,1.0,1.0,0.0,0.0,0,0,0,0,-0.0011176470588235296,0.0,-0.00011764705882352962
2022-12-23,-0.00022142427609922363,-0.00022142427609922363,0.0,0.0,0.0005,0.0,1.0,1.0,0.0,0.0,0,0,0,0,-0.0011176470588235296,0.0,-0.00011764705882352962
2022-12-26,0.003801889937037653,0.003801889937037653,0.0,0.0,0.0005,0.0,1.0,1.0,0.0,0.0,0,0,0,0,-0.0011176470588235296,0.0,-0.00011764705882352962
2023-01-05,-0.003197567795129353,-0.003197567795129353,0.0,0.0,0.0005,0.0,1.0,1.0,0.0,0.0,0,0,0,0,-0.0011176470588235296,0.0,-0.00011764705882352962
2023-01-09,-0.002937296865766642,-0.002937296865766642,0.0,0.0,0.0005,0.0,1.0,1.0,0.0,0.0,0,0,0,0,-0.0011176470588235296,0.0,-0.00011764705882352962
2023-01-10,-0.0007065689939545596,-0.0007065689939545596,0.0,0.0,0.0005,0.0,1.0,1.0,0.0,0.0,0,0,0,0,-0.0011176470588235296,0.0,-0.00011764705882352962
2023-01-11,-0.0005949337292144707,-0.0005949337292144707,0.0,0.0,0.0005,0.0,1.0,1.0,0.0,0.0,0,0,0,0,-0.0011176470588235296,0.0,-0.00011764705882352962
2023-01-13,0.013322919881693825,0.013322919881693825,0.0,0.0,0.0005,0.0,1.0,1.0,0.0,0.0,0,0,0,0,-0.0011176470588235296,0.0,-0.00011764705882352962
2023-01-16,-0.0015201590768882942,-0.0015201590768882942,0.0,0.0,0.0005,0.0,1.0,1.0,0.0,0.0,0,0,0,0,-0.0011176470588235296,0.0,-0.00011764705882352962
2023-01-17,0.0040936549918139005,0.0040936549918139005,0.0,0.0,0.0005,0.0,1.0,1.0,0.0,0.0,0,0,0,0,-0.0011176470588235296,0.0,-0.00011764705882352962
2023-01-18,0.00611960899099184,0.00611960899099184,0.0,0.0,0.0005,0.0,1.0,1.0,0.0,0.0,0,0,0,0,-0.0011176470588235296,0.0,-0.00011764705882352962
2023-01-19,0.004289851792787953,0.004289851792787953,0.0,0.0,0.0005,0.0,1.0,1.0,0.0,0.0,0,0,0,0,-0.0011176470588235296,0.0,-0.00011764705882352962
2023-01-20,-0.0036271206723813352,-0.0036271206723813352,0.0,0.0,0.0005,0.0,1.0,1.0,0.0,0.0,0,0,0,0,-0.0011176470588235296,0.0,-0.00011764705882352962
2023-01-30,-0.00414559606076323,-0.00414559606076323,0.0,0.0,0.0005,0.0,1.0,1.0,0.0,0.0,0,0,0,0,-0.0011176470588235296,0.0,-0.00011764705882352962
2023-01-31,0.011498718523106799,0.011498718523106799,0.0,0.0,0.0005,0.0,1.0,1.0,0.0,0.0,0,0,0,0,-0.0011176470588235296,0.0,-0.00011764705882352962
2023-02-07,-0.003719663416941459,-0.003719663416941459,0.0,0.0,0.0005,0.0,1.0,1.0,0.0,0.0,0,0,0,0,-0.0011176470588235296,0.0,-0.00011764705882352962
2023-02-09,0.00022058041533215295,0.00022058041533215295,0.0,0.0,0.0005,0.0,1.0,1.0,0.0,0.0,0,0,0,0,-0.0011176470588235296,0.0,-0.00011764705882352962
2023-02-10,0.013375372917371665,0.013375372917371665,0.0,0.0,0.0005,0.0,1.0,1.0,0.0,0.0,0,0,0,0,-0.0011176470588235296,0.0,-0.00011764705882352962
2023-02-13,0.0007098311672705297,0.0007098311672705297,0.0,0.0,0.0005,0.0,1.0,1.0,0.0,0.0,0,0,0,0,-0.0011176470588235296,0.0,-0.00011764705882352962
2023-02-14,-0.0075343224504063645,-0.0075343224504063645,0.0,0.0,0.0005,0.0,1.0,1.0,0.0,0.0,0,0,0,0,-0.0011176470588235296,0.0,-0.00011764705882352962
2023-02-15,-0.006376954733357169,-0.006376954733357169,0.0,0.0,0.0005,0.0,1.0,1.0,0.0,0.0,0,0,0,0,-0.0011176470588235296,0.0,-0.00011764705882352962
2023-02-20,0.0004372714950733234,0.0004372714950733234,0.0,0.0,0.0005,0.0,1.0,1.0,0.0,0.0,0,0,0,0,-0.0011176470588235296,0.0,-0.00011764705882352962
2023-02-21,-0.00614284220616957,-0.00614284220616957,0.0,0.0,0.0005,0.0,1.0,1.0,0.0,0.0,0,0,0,0,-0.0011176470588235296,0.0,-0.00011764705882352962
2023-02-22,0.0011227357797854,0.0011227357797854,0.0,0.0,0.0005,0.0,1.0,1.0,0.0,0.0,0,0,0,0,-0.0011176470588235296,0.0,-0.00011764705882352962
2023-02-23,-0.009635531714121676,-0.009635531714121676,0.0,0.0,0.0005,0.0,1.0,1.0,0.0,0.0,0,0,0,0,-0.0011176470588235296,0.0,-0.00011764705882352962
2023-02-24,-0.008032996384674024,-0.008032996384674024,0.0,0.0,0.0005,0.0,1.0,1.0,0.0,0.0,0,0,0,0,-0.0011176470588235296,0.0,-0.00011764705882352962
2023-03-01,0.004282451016740131,0.004282451016740131,0.0,0.0,0.0005,0.0,1.0,1.0,0.0,0.0,0,0,0,0,-0.0011176470588235296,0.0,-0.00011764705882352962
2023-03-02,0.015817116633529624,0.015817116633529624,0.0,0.0,0.0005,0.0,1.0,1.0,0.0,0.0,0,0,0,0,-0.0011176470588235296,0.0,-0.00011764705882352962
2023-03-03,-0.008042262222765018,-0.008042262222765018,0.0,0.0,0.0005,0.0,1.0,1.0,0.0,0.0,0,0,0,0,-0.0011176470588235296,0.0,-0.00011764705882352962
2023-03-06,-0.013069648331184167,-0.013069648331184167,0.0,0.0,0.0005,0.0,1.0,1.0,0.0,0.0,0,0,0,0,-0.0011176470588235296,0.0,-0.00011764705882352962
2023-03-08,-0.004986865317042406,-0.004986865317042406,0.0,0.0,0.0005,0.0,1.0,1.0,0.0,0.0,0,0,0,0,-0.0011176470588235296,0.0,-0.00011764705882352962
2023-03-13,-0.008498736062855953,-0.008498736062855953,0.0,0.0,0.0005,0.0,1.0,1.0,0.0,0.0,0,0,0,0,-0.0011176470588235296,0.0,-0.00011764705882352962
2023-03-14,0.011207763112495153,0.011207763112495153,0.0,0.0,0.0005,0.0,1.0,1.0,0.0,0.0,0,0,0,0,-0.0011176470588235296,0.0,-0.00011764705882352962
2023-03-15,-0.007708978171577013,-0.007708978171577013,0.0,0.0,0.0005,0.0,1.0,1.0,0.0,0.0,0,0,0,0,-0.0011176470588235296,0.0,-0.00011764705882352962
2023-03-16,0.020662740415588254,0.020662740415588254,0.0,0.0,0.0005,0.0,1.0,1.0,0.0,0.0,0,0,0,0,-0.0011176470588235296,0.0,-0.00011764705882352962
2023-03-17,0.001330578820206776,0.001330578820206776,0.0,0.0,0.0005,0.0,1.0,1.0,0.0,0.0,0,0,0,0,-0.0011176470588235296,0.0,-0.00011764705882352962
2023-03-20,0.0046028419644940175,0.0046028419644940175,0.0,0.0,0.0005,0.0,1.0,1.0,0.0,0.0,0,0,0,0,-0.0011176470588235296,0.0,-0.00011764705882352962
2023-03-21,0.006660851038488005,0.006660851038488005,0.0,0.0,0.0005,0.0,1.0,1.0,0.0,0.0,0,0,0,0,-0.0011176470588235296,0.0,-0.00011764705882352962
2023-03-22,0.013478848180005413,0.013478848180005413,0.0,0.0,0.0005,0.0,1.0,1.0,0.0,0.0,0,0,0,0,-0.0011176470588235296,0.0,-0.00011764705882352962
2023-03-23,-0.010650109726738192,-0.010650109726738192,0.0,0.0,0.0005,0.0,1.0,1.0,0.0,0.0,0,0,0,0,-0.0011176470588235296,0.0,-0.00011764705882352962
2023-03-24,-0.0081051876369255,-0.0081051876369255,0.0,0.0,0.0005,0.0,1.0,1.0,0.0,0.0,0,0,0,0,-0.0011176470588235296,0.0,-0.00011764705882352962
2023-03-27,0.0006380845332888651,0.0006380845332888651,0.0,0.0,0.0005,0.0,1.0,1.0,0.0,0.0,0,0,0,0,-0.0011176470588235296,0.0,-0.00011764705882352962
2023-03-28,-0.007274313600913277,-0.007274313600913277,0.0,0.0,0.0005,0.0,1.0,1.0,0.0,0.0,0,0,0,0,-0.0011176470588235296,0.0,-0.00011764705882352962
2023-03-29,0.014940124702077636,0.014940124702077636,0.0,0.0,0.0005,0.0,1.0,1.0,0.0,0.0,0,0,0,0,-0.0011176470588235296,0.0,-0.00011764705882352962
2023-03-30,0.003436832867683535,0.003436832867683535,0.0,0.0,0.0005,0.0,1.0,1.0,0.0,0.0,0,0,0,0,-0.0011176470588235296,0.0,-0.00011764705882352962
2023-03-31,0.017147522605697043,0.017147522605697043,0.0,0.0,0.0005,0.0,1.0,1.0,0.0,0.0,0,0,0,0,-0.0011176470588235296,0.0,-0.00011764705882352962
2023-04-03,0.015014007781779373,0.015014007781779373,0.0,0.0,0.0005,0.0,1.0,1.0,0.0,0.0,0,0,0,0,-0.0011176470588235296,0.0,-0.00011764705882352962
2023-04-04,0.0020565805614275066,0.0020565805614275066,0.0,0.0,0.0005,0.0,1.0,1.0,0.0,0.0,0,0,0,0,-0.0011176470588235296,0.0,-0.00011764705882352962
2023-04-06,0.00013225548718820648,0.00013225548718820648,0.0,0.0,0.0005,0.0,1.0,1.0,0.0,0.0,0,0,0,0,-0.0011176470588235296,0.0,-0.00011764705882352962
2023-04-07,0.0017811938156301651,0.0017811938156301651,0.0,0.0,0.0005,0.0,1.0,1.0,0.0,0.0,0,0,0,0,-0.0011176470588235296,0.0,-0.00011764705882352962
2023-04-10,0.009565963960855047,0.009565963960855047,0.0,0.0,0.0005,0.0,1.0,1.0,0.0,0.0,0,0,0,0,-0.0011176470588235296,0.0,-0.00011764705882352962
2023-04-11,0.010552687432089708,0.010552687432089708,0.0,0.0,0.0005,0.0,1.0,1.0,0.0,0.0,0,0,0,0,-0.0011176470588235296,0.0,-0.00011764705882352962
2023-04-12,-0.003080073456243728,-0.003080073456243728,0.0,0.0,0.0005,0.0,1.0,1.0,0.0,0.0,0,0,0,0,-0.0011176470588235296,0.0,-0.00011764705882352962
2023-04-13,0.0058020460181427355,0.0058020460181427355,0.0,0.0,0.0005,0.0,1.0,1.0,0.0,0.0,0,0,0,0,-0.0011176470588235296,0.0,-0.00011764705882352962
2023-04-14,0.022036214531656325,0.022036214531656325,0.0,0.0,0.0005,0.0,1.0,1.0,0.0,0.0,0,0,0,0,-0.0011176470588235296,0.0,-0.00011764705882352962
2023-04-17,0.003131520304968635,0.003131520304968635,0.0,0.0,0.0005,0.0,1.0,1.0,0.0,0.0,0,0,0,0,-0.0011176470588235296,0.0,-0.00011764705882352962
2023-04-18,-0.017813394173333465,-0.017813394173333465,0.0,0.0,0.0005,0.0,1.0,1.0,0.0,0.0,0,0,0,0,-0.0011176470588235296,0.0,-0.00011764705882352962
2023-04-19,0.006961664984511151,0.006961664984511151,0.0,0.0,0.0005,0.0,1.0,1.0,0.0,0.0,0,0,0,0,-0.0011176470588235296,0.0,-0.00011764705882352962
2023-04-20,-0.024925699899453285,-0.024925699899453285,0.0,0.0,0.0005,0.0,1.0,1.0,0.0,0.0,0,0,0,0,-0.0011176470588235296,0.0,-0.00011764705882352962
2023-04-21,-0.006262219128891429,-0.006262219128891429,0.0,0.0,0.0005,0.0,1.0,1.0,0.0,0.0,0,0,0,0,-0.0011176470588235296,0.0,-0.00011764705882352962
2023-04-24,-0.005082303365312117,-0.005082303365312117,0.0,0.0,0.0005,0.0,1.0,1.0,0.0,0.0,0,0,0,0,-0.0011176470588235296,0.0,-0.00011764705882352962
2023-04-25,-0.0023749593525204294,-0.0023749593525204294,0.0,0.0,0.0005,0.0,1.0,1.0,0.0,0.0,0,0,0,0,-0.0011176470588235296,0.0,-0.00011764705882352962
2023-04-26,0.012236503417548459,0.012236503417548459,0.0,0.0,0.0005,0.0,1.0,1.0,0.0,0.0,0,0,0,0,-0.0011176470588235296,0.0,-0.00011764705882352962
2023-04-27,0.015577650391724466,0.015577650391724466,0.0,0.0,0.0005,0.0,1.0,1.0,0.0,0.0,0,0,0,0,-0.0011176470588235296,0.0,-0.00011764705882352962
2023-05-19,0.0014222996286415296,0.0014222996286415296,0.0,0.0,0.0005,0.0,1.0,1.0,0.0,0.0,0,0,0,0,-0.0011176470588235296,0.0,-0.00011764705882352962
2023-05-22,-0.015841288706655274,-0.015841288706655274,0.0,0.0,0.0005,0.0,1.0,1.0,0.0,0.0,0,0,0,0,-0.0011176470588235296,0.0,-0.00011764705882352962
2023-05-23,-0.019446600994754634,-0.019446600994754634,0.0,0.0,0.0005,0.0,1.0,1.0,0.0,0.0,0,0,0,0,-0.0011176470588235296,0.0,-0.00011764705882352962
2023-05-24,0.008210360420887165,0.008210360420887165,0.0,0.0,0.0005,0.0,1.0,1.0,0.0,0.0,0,0,0,0,-0.0011176470588235296,0.0,-0.00011764705882352962
2023-05-25,0.0007435464126103941,0.0007435464126103941,0.0,0.0,0.0005,0.0,1.0,1.0,0.0,0.0,0,0,0,0,-0.0011176470588235296,0.0,-0.00011764705882352962
2023-05-26,0.0012640015306723939,0.0012640015306723939,0.0,0.0,0.0005,0.0,1.0,1.0,0.0,0.0,0,0,0,0,-0.0011176470588235296,0.0,-0.00011764705882352962
2023-05-29,0.008801875897696302,0.008801875897696302,0.0,0.0,0.0005,0.0,1.0,1.0,0.0,0.0,0,0,0,0,-0.0011176470588235296,0.0,-0.00011764705882352962
2023-05-30,-0.010562647483268219,-0.010562647483268219,0.0,0.0,0.0005,0.0,1.0,1.0,0.0,0.0,0,0,0,0,-0.0011176470588235296,0.0,-0.00011764705882352962
2023-05-31,-0.001558542389710282,-0.001558542389710282,0.0,0.0,0.0005,0.0,1.0,1.0,0.0,0.0,0,0,0,0,-0.0011176470588235296,0.0,-0.00011764705882352962
2023-06-01,0.013286202927184966,0.013286202927184966,0.0,0.0,0.0005,0.0,1.0,1.0,0.0,0.0,0,0,0,0,-0.0011176470588235296,0.0,-0.00011764705882352962
2023-06-02,0.004782223685721894,0.004782223685721894,0.0,0.0,0.0005,0.0,1.0,1.0,0.0,0.0,0,0,0,0,-0.0011176470588235296,0.0,-0.00011764705882352962
2023-06-05,-0.0061670222275860415,-0.0061670222275860415,0.0,0.0,0.0005,0.0,1.0,1.0,0.0,0.0,0,0,0,0,-0.0011176470588235296,0.0,-0.00011764705882352962
2023-06-06,-0.000547543562564359,-0.000547543562564359,0.0,0.0,0.0005,0.0,1.0,1.0,0.0,0.0,0,0,0,0,-0.0011176470588235296,0.0,-0.00011764705882352962
2023-06-07,0.00897999195339127,0.00897999195339127,0.0,0.0,0.0005,0.0,1.0,1.0,0.0,0.0,0,0,0,0,-0.0011176470588235296,0.0,-0.00011764705882352962
2023-06-08,1.1082396332429583e-05,1.1082396332429583e-05,0.0,0.0,0.0005,0.0,1.0,1.0,0.0,0.0,0,0,0,0,-0.0011176470588235296,0.0,-0.00011764705882352962
2023-06-09,0.004004927256801606,0.004004927256801606,0.0,0.0,0.0005,0.0,1.0,1.0,0.0,0.0,0,0,0,0,-0.0011176470588235296,0.0,-0.00011764705882352962
2023-06-12,0.0018289013684222707,0.0018289013684222707,0.0,0.0,0.0005,0.0,1.0,1.0,0.0,0.0,0,0,0,0,-0.0011176470588235296,0.0,-0.00011764705882352962
2023-06-13,0.008704955162080301,0.008704955162080301,0.0,0.0,0.0005,0.0,1.0,1.0,0.0,0.0,0,0,0,0,-0.0011176470588235296,0.0,-0.00011764705882352962
2023-06-14,0.017685485498577142,0.017685485498577142,0.0,0.0,0.0005,0.0,1.0,1.0,0.0,0.0,0,0,0,0,-0.0011176470588235296,0.0,-0.00011764705882352962
2023-06-15,0.015212415534533327,0.015212415534533327,0.0,0.0,0.0005,0.0,1.0,1.0,0.0,0.0,0,0,0,0,-0.0011176470588235296,0.0,-0.00011764705882352962
2023-06-16,-0.013464341815384688,-0.013464341815384688,0.0,0.0,0.0005,0.0,1.0,1.0,0.0,0.0,0,0,0,0,-0.0011176470588235296,0.0,-0.00011764705882352962
2023-06-19,-0.006526766263073017,-0.006526766263073017,0.0,0.0,0.0005,0.0,1.0,1.0,0.0,0.0,0,0,0,0,-0.0011176470588235296,0.0,-0.00011764705882352962
2023-06-20,-0.019274701486013446,-0.019274701486013446,0.0,0.0,0.0005,0.0,1.0,1.0,0.0,0.0,0,0,0,0,-0.0011176470588235296,0.0,-0.00011764705882352962
2023-06-21,-0.02551838404537158,-0.02551838404537158,0.0,0.0,0.0005,0.0,1.0,1.0,0.0,0.0,0,0,0,0,-0.0011176470588235296,0.0,-0.00011764705882352962
2023-06-26,0.02177672646505397,0.02177672646505397,0.0,0.0,0.0005,0.0,1.0,1.0,0.0,0.0,0,0,0,0,-0.0011176470588235296,0.0,-0.00011764705882352962
2023-06-27,-0.0011440496949434182,-0.0011440496949434182,0.0,0.0,0.0005,0.0,1.0,1.0,0.0,0.0,0,0,0,0,-0.0011176470588235296,0.0,-0.00011764705882352962
2023-06-28,-0.0050654082223713995,-0.0050654082223713995,0.0,0.0,0.0005,0.0,1.0,1.0,0.0,0.0,0,0,0,0,-0.0011176470588235296,0.0,-0.00011764705882352962
2023-06-29,0.007803782091436954,0.007803782091436954,0.0,0.0,0.0005,0.0,1.0,1.0,0.0,0.0,0,0,0,0,-0.0011176470588235296,0.0,-0.00011764705882352962
2023-06-30,0.010750198800481718,0.010750198800481718,0.0,0.0,0.0005,0.0,1.0,1.0,0.0,0.0,0,0,0,0,-0.0011176470588235296,0.0,-0.00011764705882352962
2023-07-03,-0.00020319030658852376,-0.00020319030658852376,0.0,0.0,0.0005,0.0,1.0,1.0,0.0,0.0,0,0,0,0,-0.0011176470588235296,0.0,-0.00011764705882352962
2023-07-04,-0.0036810453863746297,-0.0036810453863746297,0.0,0.0,0.0005,0.0,1.0,1.0,0.0,0.0,0,0,0,0,-0.0011176470588235296,0.0,-0.00011764705882352962
2023-07-13,0.0071939936824021765,0.0071939936824021765,0.0,0.0,0.0005,0.0,1.0,1.0,0.0,0.0,0,0,0,0,-0.0011176470588235296,0.0,-0.00011764705882352962
2023-07-14,-0.009785577368901387,-0.009785577368901387,0.0,0.0,0.0005,0.0,1.0,1.0,0.0,0.0,0,0,0,0,-0.0011176470588235296,0.0,-0.00011764705882352962
2023-07-17,-0.0026930730319427885,-0.0026930730319427885,0.0,0.0,0.0005,0.0,1.0,1.0,0.0,0.0,0,0,0,0,-0.0011176470588235296,0.0,-0.00011764705882352962
2023-07-19,-0.009476606965447464,-0.009476606965447464,0.0,0.0,0.0005,0.0,1.0,1.0,0.0,0.0,0,0,0,0,-0.0011176470588235296,0.0,-0.00011764705882352962
2023-07-20,-0.0059510462020779704,-0.0059510462020779704,0.0,0.0,0.0005,0.0,1.0,1.0,0.0,0.0,0,0,0,0,-0.0011176470588235296,0.0,-0.00011764705882352962
2023-07-21,-0.008254349498307223,-0.008254349498307223,0.0,0.0,0.0005,0.0,1.0,1.0,0.0,0.0,0,0,0,0,-0.0011176470588235296,0.0,-0.00011764705882352962
2023-07-25,-0.004337181729462707,-0.004337181729462707,0.0,0.0,0.0005,0.0,1.0,1.0,0.0,0.0,0,0,0,0,-0.0011176470588235296,0.0,-0.00011764705882352962
2023-07-26,-0.0026018885053456175,-0.0026018885053456175,0.0,0.0,0.0005,0.0,1.0,1.0,0.0,0.0,0,0,0,0,-0.0011176470588235296,0.0,-0.00011764705882352962
2023-07-27,0.028248309903677202,0.028248309903677202,0.0,0.0,0.0005,0.0,1.0,1.0,0.0,0.0,0,0,0,0,-0.0011176470588235296,0.0,-0.00011764705882352962
2023-07-28,0.005065704841960323,0.005065704841960323,0.0,0.0,0.0005,0.0,1.0,1.0,0.0,0.0,0,0,0,0,-0.0011176470588235296,0.0,-0.00011764705882352962
2023-07-31,-0.007735626570771311,-0.007735626570771311,0.0,0.0,0.0005,0.0,1.0,1.0,0.0,0.0,0,0,0,0,-0.0011176470588235296,0.0,-0.00011764705882352962
2023-08-01,-0.004625165044492782,-0.004625165044492782,0.0,0.0,0.0005,0.0,1.0,1.0,0.0,0.0,0,0,0,0,-0.0011176470588235296,0.0,-0.00011764705882352962
2023-08-02,0.008213271792510506,0.008213271792510506,0.0,0.0,0.0005,0.0,1.0,1.0,0.0,0.0,0,0,0,0,-0.0011176470588235296,0.0,-0.00011764705882352962
2023-08-03,0.010038139219044876,0.010038139219044876,0.0,0.0,0.0005,0.0,1.0,1.0,0.0,0.0,0,0,0,0,-0.0011176470588235296,0.0,-0.00011764705882352962
2023-08-04,-0.007572530918703135,-0.007572530918703135,0.0,0.0,0.0005,0.0,1.0,1.0,0.0,0.0,0,0,0,0,-0.0011176470588235296,0.0,-0.00011764705882352962
2023-08-07,-0.00826949439872467,-0.00826949439872467,0.0,0.0,0.0005,0.0,1.0,1.0,0.0,0.0,0,0,0,0,-0.0011176470588235296,0.0,-0.00011764705882352962
2023-08-08,-0.010291934150013,-0.010291934150013,0.0,0.0,0.0005,0.0,1.0,1.0,0.0,0.0,0,0,0,0,-0.0011176470588235296,0.0,-0.00011764705882352962
2023-08-09,-0.0009614394217729053,-0.0009614394217729053,0.0,0.0,0.0005,0.0,1.0,1.0,0.0,0.0,0,0,0,0,-0.0011176470588235296,0.0,-0.00011764705882352962
2023-08-10,-0.025460522830063552,-0.025460522830063552,0.0,0.0,0.0005,0.0,1.0,1.0,0.0,0.0,0,0,0,0,-0.0011176470588235296,0.0,-0.00011764705882352962
2023-08-22,-0.02181533765472429,-0.02181533765472429,0.0,0.0,0.0005,0.0,1.0,1.0,0.0,0.0,0,0,0,0,-0.0011176470588235296,0.0,-0.00011764705882352962
2023-08-25,0.01644395364233076,0.01644395364233076,0.0,0.0,0.0005,0.0,1.0,1.0,0.0,0.0,0,0,0,0,-0.0011176470588235296,0.0,-0.00011764705882352962
2023-08-28,0.010711856933498546,0.010711856933498546,0.0,0.0,0.0005,0.0,1.0,1.0,0.0,0.0,0,0,0,0,-0.0011176470588235296,0.0,-0.00011764705882352962
2023-08-29,-0.004700162300964565,-0.004700162300964565,0.0,0.0,0.0005,0.0,1.0,1.0,0.0,0.0,0,0,0,0,-0.0011176470588235296,0.0,-0.00011764705882352962
2023-08-30,-0.011950034387088186,-0.011950034387088186,0.0,0.0,0.0005,0.0,1.0,1.0,0.0,0.0,0,0,0,0,-0.0011176470588235296,0.0,-0.00011764705882352962
2023-08-31,0.013430513336593647,0.013430513336593647,0.0,0.0,0.0005,0.0,1.0,1.0,0.0,0.0,0,0,0,0,-0.0011176470588235296,0.0,-0.00011764705882352962
2023-09-01,0.020244276941204235,0.020244276941204235,0.0,0.0,0.0005,0.0,1.0,1.0,0.0,0.0,0,0,0,0,-0.0011176470588235296,0.0,-0.00011764705882352962
2023-09-04,-0.012452833605778299,-0.012452833605778299,0.0,0.0,0.0005,0.0,1.0,1.0,0.0,0.0,0,0,0,0,-0.0011176470588235296,0.0,-0.00011764705882352962
2023-09-05,-0.003318171301918088,-0.003318171301918088,0.0,0.0,0.0005,0.0,1.0,1.0,0.0,0.0,0,0,0,0,-0.0011176470588235296,0.0,-0.00011764705882352962
2023-09-06,-0.012858453883743157,-0.012858453883743157,0.0,0.0,0.0005,0.0,1.0,1.0,0.0,0.0,0,0,0,0,-0.0011176470588235296,0.0,-0.00011764705882352962
2023-09-07,-0.005779098931799711,-0.005779098931799711,0.0,0.0,0.0005,0.0,1.0,1.0,0.0,0.0,0,0,0,0,-0.0011176470588235296,0.0,-0.00011764705882352962
2023-09-11,-0.004212655126689388,-0.004212655126689388,0.0,0.0,0.0005,0.0,1.0,1.0,0.0,0.0,0,0,0,0,-0.0011176470588235296,0.0,-0.00011764705882352962
2023-09-18,-0.004193980689587659,-0.004193980689587659,0.0,0.0,0.0005,0.0,1.0,1.0,0.0,0.0,0,0,0,0,-0.0011176470588235296,0.0,-0.00011764705882352962
2023-10-27,0.0002994589672193879,0.0002994589672193879,0.0,0.0,0.0005,0.0,1.0,1.0,0.0,0.0,0,0,0,0,-0.0011176470588235296,0.0,-0.00011764705882352962
2023-10-30,-0.004553777390656318,-0.004553777390656318,0.0,0.0,0.0005,0.0,1.0,1.0,0.0,0.0,0,0,0,0,-0.0011176470588235296,0.0,-0.00011764705882352962
2023-11-06,-0.00238897339748417,-0.00238897339748417,0.0,0.0,0.0005,0.0,1.0,1.0,0.0,0.0,0,0,0,0,-0.0011176470588235296,0.0,-0.00011764705882352962
2023-11-07,-0.003993146170697089,-0.003993146170697089,0.0,0.0,0.0005,0.0,1.0,1.0,0.0,0.0,0,0,0,0,-0.0011176470588235296,0.0,-0.00011764705882352962
2023-11-08,0.00023454798082185908,0.00023454798082185908,0.0,0.0,0.0005,0.0,1.0,1.0,0.0,0.0,0,0,0,0,-0.0011176470588235296,0.0,-0.00011764705882352962
2023-11-13,0.004876028484785659,0.004876028484785659,0.0,0.0,0.0005,0.0,1.0,1.0,0.0,0.0,0,0,0,0,-0.0011176470588235296,0.0,-0.00011764705882352962
2023-11-14,0.00740071330996707,0.00740071330996707,0.0,0.0,0.0005,0.0,1.0,1.0,0.0,0.0,0,0,0,0,-0.0011176470588235296,0.0,-0.00011764705882352962
2023-11-15,-0.012112444152014675,-0.012112444152014675,0.0,0.0,0.0005,0.0,1.0,1.0,0.0,0.0,0,0,0,0,-0.0011176470588235296,0.0,-0.00011764705882352962
2023-11-24,-0.010264126000012396,-0.010264126000012396,0.0,0.0,0.0005,0.0,1.0,1.0,0.0,0.0,0,0,0,0,-0.0011176470588235296,0.0,-0.00011764705882352962
2023-11-27,0.0012722312499219121,0.0012722312499219121,0.0,0.0,0.0005,0.0,1.0,1.0,0.0,0.0,0,0,0,0,-0.0011176470588235296,0.0,-0.00011764705882352962
2023-11-28,-0.013810228845153183,-0.013810228845153183,0.0,0.0,0.0005,0.0,1.0,1.0,0.0,0.0,0,0,0,0,-0.0011176470588235296,0.0,-0.00011764705882352962
2024-01-03,-0.010602450981440394,-0.010602450981440394,0.0,0.0,0.0005,0.0,1.0,1.0,0.0,0.0,0,0,0,0,-0.0011176470588235296,0.0,-0.00011764705882352962
2024-01-16,-0.019101916286680076,-0.019101916286680076,0.0,0.0,0.0005,0.0,1.0,1.0,0.0,0.0,0,0,0,0,-0.0011176470588235296,0.0,-0.00011764705882352962
2024-01-24,0.039505165749626724,0.039505165749626724,0.0,0.0,0.0005,0.0,1.0,1.0,0.0,0.0,0,0,0,0,-0.0011176470588235296,0.0,-0.00011764705882352962
2024-01-25,-0.005145169957087324,-0.005145169957087324,0.0,0.0,0.0005,0.0,1.0,1.0,0.0,0.0,0,0,0,0,-0.0011176470588235296,0.0,-0.00011764705882352962
2024-01-26,-0.0011834231200663241,-0.0011834231200663241,0.0,0.0,0.0005,0.0,1.0,1.0,0.0,0.0,0,0,0,0,-0.0011176470588235296,0.0,-0.00011764705882352962
2024-01-29,-0.011213787883477641,-0.011213787883477641,0.0,0.0,0.0005,0.0,1.0,1.0,0.0,0.0,0,0,0,0,-0.0011176470588235296,0.0,-0.00011764705882352962
2024-01-30,-0.00618818617858783,-0.00618818617858783,0.0,0.0,0.0005,0.0,1.0,1.0,0.0,0.0,0,0,0,0,-0.0011176470588235296,0.0,-0.00011764705882352962
2024-01-31,-0.0023353967198935306,-0.0023353967198935306,0.0,0.0,0.0005,0.0,1.0,1.0,0.0,0.0,0,0,0,0,-0.0011176470588235296,0.0,-0.00011764705882352962
2024-02-01,-0.013730835668929653,-0.013730835668929653,0.0,0.0,0.0005,0.0,1.0,1.0,0.0,0.0,0,0,0,0,-0.0011176470588235296,0.0,-0.00011764705882352962
2024-02-02,-0.007854746670349117,-0.007854746670349117,0.0,0.0,0.0005,0.0,1.0,1.0,0.0,0.0,0,0,0,0,-0.0011176470588235296,0.0,-0.00011764705882352962
2024-02-05,0.04661043166716123,0.04661043166716123,0.0,0.0,0.0005,0.0,1.0,1.0,0.0,0.0,0,0,0,0,-0.0011176470588235296,0.0,-0.00011764705882352962
2024-02-07,0.01226629243845393,0.01226629243845393,0.0,0.0,0.0005,0.0,1.0,1.0,0.0,0.0,0,0,0,0,-0.0011176470588235296,0.0,-0.00011764705882352962
2024-02-08,0.009870934632975201,0.009870934632975201,0.0,0.0,0.0005,0.0,1.0,1.0,0.0,0.0,0,0,0,0,-0.0011176470588235296,0.0,-0.00011764705882352962
2024-02-23,-0.007733348674489748,-0.007733348674489748,0.0,0.0,0.0005,0.0,1.0,1.0,0.0,0.0,0,0,0,0,-0.0011176470588235296,0.0,-0.00011764705882352962
2024-02-26,0.015936245381183208,0.015936245381183208,0.0,0.0,0.0005,0.0,1.0,1.0,0.0,0.0,0,0,0,0,-0.0011176470588235296,0.0,-0.00011764705882352962
2024-02-27,-0.012220669529377426,-0.012220669529377426,0.0,0.0,0.0005,0.0,1.0,1.0,0.0,0.0,0,0,0,0,-0.0011176470588235296,0.0,-0.00011764705882352962
2024-02-28,0.020047959584932776,0.020047959584932776,0.0,0.0,0.0005,0.0,1.0,1.0,0.0,0.0,0,0,0,0,-0.0011176470588235296,0.0,-0.00011764705882352962
2024-02-29,0.013869760332401462,0.013869760332401462,0.0,0.0,0.0005,0.0,1.0,1.0,0.0,0.0,0,0,0,0,-0.0011176470588235296,0.0,-0.00011764705882352962
2024-03-01,-0.0012033064277841119,-0.0012033064277841119,0.0,0.0,0.0005,0.0,1.0,1.0,0.0,0.0,0,0,0,0,-0.0011176470588235296,0.0,-0.00011764705882352962
2024-03-04,0.006467346746439759,0.006467346746439759,0.0,0.0,0.0005,0.0,1.0,1.0,0.0,0.0,0,0,0,0,-0.0011176470588235296,0.0,-0.00011764705882352962
2024-03-05,-0.004092295461898564,-0.004092295461898564,0.0,0.0,0.0005,0.0,1.0,1.0,0.0,0.0,0,0,0,0,-0.0011176470588235296,0.0,-0.00011764705882352962
2024-03-06,-0.005070349881523823,-0.005070349881523823,0.0,0.0,0.0005,0.0,1.0,1.0,0.0,0.0,0,0,0,0,-0.0011176470588235296,0.0,-0.00011764705882352962
2024-03-07,0.007630437147360912,0.007630437147360912,0.0,0.0,0.0005,0.0,1.0,1.0,0.0,0.0,0,0,0,0,-0.0011176470588235296,0.0,-0.00011764705882352962
2024-03-08,0.01658826609145861,0.01658826609145861,0.0,0.0,0.0005,0.0,1.0,1.0,0.0,0.0,0,0,0,0,-0.0011176470588235296,0.0,-0.00011764705882352962
2024-03-11,-0.0031011107046579832,-0.0031011107046579832,0.0,0.0,0.0005,0.0,1.0,1.0,0.0,0.0,0,0,0,0,-0.0011176470588235296,0.0,-0.00011764705882352962
2024-03-12,-0.011463210850938682,-0.011463210850938682,0.0,0.0,0.0005,0.0,1.0,1.0,0.0,0.0,0,0,0,0,-0.0011176470588235296,0.0,-0.00011764705882352962
2024-03-13,-0.0031234357858961827,-0.0031234357858961827,0.0,0.0,0.0005,0.0,1.0,1.0,0.0,0.0,0,0,0,0,-0.0011176470588235296,0.0,-0.00011764705882352962
2024-03-14,1.6048372647946734e-05,1.6048372647946734e-05,0.0,0.0,0.0005,0.0,1.0,1.0,0.0,0.0,0,0,0,0,-0.0011176470588235296,0.0,-0.00011764705882352962
2024-03-15,0.018093342171632748,0.018093342171632748,0.0,0.0,0.0005,0.0,1.0,1.0,0.0,0.0,0,0,0,0,-0.0011176470588235296,0.0,-0.00011764705882352962
2024-03-18,-0.00659426231129687,-0.00659426231129687,0.0,0.0,0.0005,0.0,1.0,1.0,0.0,0.0,0,0,0,0,-0.0011176470588235296,0.0,-0.00011764705882352962
2024-03-19,0.0006837224643009651,0.0006837224643009651,0.0,0.0,0.0005,0.0,1.0,1.0,0.0,0.0,0,0,0,0,-0.0011176470588235296,0.0,-0.00011764705882352962
2024-03-20,-0.0025231699686473472,-0.0025231699686473472,0.0,0.0,0.0005,0.0,1.0,1.0,0.0,0.0,0,0,0,0,-0.0011176470588235296,0.0,-0.00011764705882352962
2024-03-25,0.0077713856108638235,0.0077713856108638235,0.0,0.0,0.0005,0.0,1.0,1.0,0.0,0.0,0,0,0,0,-0.0011176470588235296,0.0,-0.00011764705882352962
2024-03-26,-0.015457063795134863,-0.015457063795134863,0.0,0.0,0.0005,0.0,1.0,1.0,0.0,0.0,0,0,0,0,-0.0011176470588235296,0.0,-0.00011764705882352962
2024-03-29,0.019912580464784876,0.019912580464784876,0.0,0.0,0.0005,0.0,1.0,1.0,0.0,0.0,0,0,0,0,-0.0011176470588235296,0.0,-0.00011764705882352962
2024-04-01,-0.007086001627193118,-0.007086001627193118,0.0,0.0,0.0005,0.0,1.0,1.0,0.0,0.0,0,0,0,0,-0.0011176470588235296,0.0,-0.00011764705882352962
2024-04-02,-0.0054297333895956595,-0.0054297333895956595,0.0,0.0,0.0005,0.0,1.0,1.0,0.0,0.0,0,0,0,0,-0.0011176470588235296,0.0,-0.00011764705882352962
2024-04-03,-0.01017229823684904,-0.01017229823684904,0.0,0.0,0.0005,0.0,1.0,1.0,0.0,0.0,0,0,0,0,-0.0011176470588235296,0.0,-0.00011764705882352962
2024-04-08,-0.005320470688982641,-0.005320470688982641,0.0,0.0,0.0005,0.0,1.0,1.0,0.0,0.0,0,0,0,0,-0.0011176470588235296,0.0,-0.00011764705882352962
2024-04-10,0.0037012407941720005,0.0037012407941720005,0.0,0.0,0.0005,0.0,1.0,1.0,0.0,0.0,0,0,0,0,-0.0011176470588235296,0.0,-0.00011764705882352962
2024-04-11,-0.010606866420673981,-0.010606866420673981,0.0,0.0,0.0005,0.0,1.0,1.0,0.0,0.0,0,0,0,0,-0.0011176470588235296,0.0,-0.00011764705882352962
2024-04-15,-0.009901835115461118,-0.009901835115461118,0.0,0.0,0.0005,0.0,1.0,1.0,0.0,0.0,0,0,0,0,-0.0011176470588235296,0.0,-0.00011764705882352962
2024-04-16,0.015448153755652975,0.015448153755652975,0.0,0.0,0.0005,0.0,1.0,1.0,0.0,0.0,0,0,0,0,-0.0011176470588235296,0.0,-0.00011764705882352962
2024-04-17,0.000588422755451948,0.000588422755451948,0.0,0.0,0.0005,0.0,1.0,1.0,0.0,0.0,0,0,0,0,-0.0011176470588235296,0.0,-0.00011764705882352962
2024-04-18,-0.006228760751628765,-0.006228760751628765,0.0,0.0,0.0005,0.0,1.0,1.0,0.0,0.0,0,0,0,0,-0.0011176470588235296,0.0,-0.00011764705882352962
2024-04-19,-0.014191649533340617,-0.014191649533340617,0.0,0.0,0.0005,0.0,1.0,1.0,0.0,0.0,0,0,0,0,-0.0011176470588235296,0.0,-0.00011764705882352962
2024-04-22,-0.00946968970171854,-0.00946968970171854,0.0,0.0,0.0005,0.0,1.0,1.0,0.0,0.0,0,0,0,0,-0.0011176470588235296,0.0,-0.00011764705882352962
2024-04-23,0.0059166319960341765,0.0059166319960341765,0.0,0.0,0.0005,0.0,1.0,1.0,0.0,0.0,0,0,0,0,-0.0011176470588235296,0.0,-0.00011764705882352962
2024-04-24,0.003689822355283024,0.003689822355283024,0.0,0.0,0.0005,0.0,1.0,1.0,0.0,0.0,0,0,0,0,-0.0011176470588235296,0.0,-0.00011764705882352962
2024-04-25,0.030247355848072366,0.030247355848072366,0.0,0.0,0.0005,0.0,1.0,1.0,0.0,0.0,0,0,0,0,-0.0011176470588235296,0.0,-0.00011764705882352962
2024-04-26,0.015636805729317794,0.015636805729317794,0.0,0.0,0.0005,0.0,1.0,1.0,0.0,0.0,0,0,0,0,-0.0011176470588235296,0.0,-0.00011764705882352962
2024-04-29,-0.011147147240459553,-0.011147147240459553,0.0,0.0,0.0005,0.0,1.0,1.0,0.0,0.0,0,0,0,0,-0.0011176470588235296,0.0,-0.00011764705882352962
2024-04-30,0.019367254023346395,0.019367254023346395,0.0,0.0,0.0005,0.0,1.0,1.0,0.0,0.0,0,0,0,0,-0.0011176470588235296,0.0,-0.00011764705882352962
2024-05-06,0.0012445597341319704,0.0012445597341319704,0.0,0.0,0.0005,0.0,1.0,1.0,0.0,0.0,0,0,0,0,-0.0011176470588235296,0.0,-0.00011764705882352962
2024-05-07,-0.018494222845149892,-0.018494222845149892,0.0,0.0,0.0005,0.0,1.0,1.0,0.0,0.0,0,0,0,0,-0.0011176470588235296,0.0,-0.00011764705882352962
2024-05-08,0.014066582519142688,0.014066582519142688,0.0,0.0,0.0005,0.0,1.0,1.0,0.0,0.0,0,0,0,0,-0.0011176470588235296,0.0,-0.00011764705882352962
2024-05-09,0.011147500338449424,0.011147500338449424,0.0,0.0,0.0005,0.0,1.0,1.0,0.0,0.0,0,0,0,0,-0.0011176470588235296,0.0,-0.00011764705882352962
2024-05-10,0.0015684207717099766,0.0015684207717099766,0.0,0.0,0.0005,0.0,1.0,1.0,0.0,0.0,0,0,0,0,-0.0011176470588235296,0.0,-0.00011764705882352962
2024-05-13,-0.004987144637033506,-0.004987144637033506,0.0,0.0,0.0005,0.0,1.0,1.0,0.0,0.0,0,0,0,0,-0.0011176470588235296,0.0,-0.00011764705882352962
2024-05-14,-0.009125611804869689,-0.009125611804869689,0.0,0.0,0.0005,0.0,1.0,1.0,0.0,0.0,0,0,0,0,-0.0011176470588235296,0.0,-0.00011764705882352962
2024-05-15,0.007545161644465105,0.007545161644465105,0.0,0.0,0.0005,0.0,1.0,1.0,0.0,0.0,0,0,0,0,-0.0011176470588235296,0.0,-0.00011764705882352962
2024-05-16,0.014917520339472343,0.014917520339472343,0.0,0.0,0.0005,0.0,1.0,1.0,0.0,0.0,0,0,0,0,-0.0011176470588235296,0.0,-0.00011764705882352962
2024-05-17,-0.002936275079406023,-0.002936275079406023,0.0,0.0,0.0005,0.0,1.0,1.0,0.0,0.0,0,0,0,0,-0.0011176470588235296,0.0,-0.00011764705882352962
2024-05-20,-0.009389748007677036,-0.009389748007677036,0.0,0.0,0.0005,0.0,1.0,1.0,0.0,0.0,0,0,0,0,-0.0011176470588235296,0.0,-0.00011764705882352962
2024-05-21,0.0024153893979639287,0.0024153893979639287,0.0,0.0,0.0005,0.0,1.0,1.0,0.0,0.0,0,0,0,0,-0.0011176470588235296,0.0,-0.00011764705882352962
2024-05-22,-0.014266828317451788,-0.014266828317451788,0.0,0.0,0.0005,0.0,1.0,1.0,0.0,0.0,0,0,0,0,-0.0011176470588235296,0.0,-0.00011764705882352962
2024-05-23,-0.011565323020258004,-0.011565323020258004,0.0,0.0,0.0005,0.0,1.0,1.0,0.0,0.0,0,0,0,0,-0.0011176470588235296,0.0,-0.00011764705882352962
2024-06-04,-0.008850101756907253,-0.008850101756907253,0.0,0.0,0.0005,0.0,1.0,1.0,0.0,0.0,0,0,0,0,-0.0011176470588235296,0.0,-0.00011764705882352962
2024-06-14,-0.004955677889278477,-0.004955677889278477,0.0,0.0,0.0005,0.0,1.0,1.0,0.0,0.0,0,0,0,0,-0.0011176470588235296,0.0,-0.00011764705882352962
2024-06-17,0.007095090695173018,0.007095090695173018,0.0,0.0,0.0005,0.0,1.0,1.0,0.0,0.0,0,0,0,0,-0.0011176470588235296,0.0,-0.00011764705882352962
2024-06-18,-0.009223916958408124,-0.009223916958408124,0.0,0.0,0.0005,0.0,1.0,1.0,0.0,0.0,0,0,0,0,-0.0011176470588235296,0.0,-0.00011764705882352962
2024-06-28,0.009946762740491666,0.009946762740491666,0.0,0.0,0.0005,0.0,1.0,1.0,0.0,0.0,0,0,0,0,-0.0011176470588235296,0.0,-0.00011764705882352962
2024-07-01,-0.01149376454255196,-0.01149376454255196,0.0,0.0,0.0005,0.0,1.0,1.0,0.0,0.0,0,0,0,0,-0.0011176470588235296,0.0,-0.00011764705882352962
2024-07-09,-0.005282708384751375,-0.005282708384751375,0.0,0.0,0.0005,0.0,1.0,1.0,0.0,0.0,0,0,0,0,-0.0011176470588235296,0.0,-0.00011764705882352962
2024-07-11,-0.0017773091171008589,-0.0017773091171008589,0.0,0.0,0.0005,0.0,1.0,1.0,0.0,0.0,0,0,0,0,-0.0011176470588235296,0.0,-0.00011764705882352962
2024-07-18,0.001523062027529665,0.001523062027529665,0.0,0.0,0.0005,0.0,1.0,1.0,0.0,0.0,0,0,0,0,-0.0011176470588235296,0.0,-0.00011764705882352962
2024-07-19,-0.005688379710251729,-0.005688379710251729,0.0,0.0,0.0005,0.0,1.0,1.0,0.0,0.0,0,0,0,0,-0.0011176470588235296,0.0,-0.00011764705882352962
2024-07-25,0.012643567793352772,0.012643567793352772,0.0,0.0,0.0005,0.0,1.0,1.0,0.0,0.0,0,0,0,0,-0.0011176470588235296,0.0,-0.00011764705882352962
2024-07-29,-0.011599003793162064,-0.011599003793162064,0.0,0.0,0.0005,0.0,1.0,1.0,0.0,0.0,0,0,0,0,-0.0011176470588235296,0.0,-0.00011764705882352962
2024-07-31,-0.0002976855811235185,-0.0002976855811235185,0.0,0.0,0.0005,0.0,1.0,1.0,0.0,0.0,0,0,0,0,-0.0011176470588235296,0.0,-0.00011764705882352962
2024-08-01,-0.014408788719837487,-0.014408788719837487,0.0,0.0,0.0005,0.0,1.0,1.0,0.0,0.0,0,0,0,0,-0.0011176470588235296,0.0,-0.00011764705882352962
2024-08-02,-0.013712822464582776,-0.013712822464582776,0.0,0.0,0.0005,0.0,1.0,1.0,0.0,0.0,0,0,0,0,-0.0011176470588235296,0.0,-0.00011764705882352962
2024-08-05,0.0017830748742512707,0.0017830748742512707,0.0,0.0,0.0005,0.0,1.0,1.0,0.0,0.0,0,0,0,0,-0.0011176470588235296,0.0,-0.00011764705882352962
2024-08-06,-0.0017012456842159175,-0.0017012456842159175,0.0,0.0,0.0005,0.0,1.0,1.0,0.0,0.0,0,0,0,0,-0.0011176470588235296,0.0,-0.00011764705882352962
2024-08-07,-0.002635031567494247,-0.002635031567494247,0.0,0.0,0.0005,0.0,1.0,1.0,0.0,0.0,0,0,0,0,-0.0011176470588235296,0.0,-0.00011764705882352962
2024-08-08,0.0003903612517620704,0.0003903612517620704,0.0,0.0,0.0005,0.0,1.0,1.0,0.0,0.0,0,0,0,0,-0.0011176470588235296,0.0,-0.00011764705882352962
2024-08-09,-0.006578115930611312,-0.006578115930611312,0.0,0.0,0.0005,0.0,1.0,1.0,0.0,0.0,0,0,0,0,-0.0011176470588235296,0.0,-0.00011764705882352962
2024-08-23,0.0015747595332747362,0.0015747595332747362,0.0,0.0,0.0005,0.0,1.0,1.0,0.0,0.0,0,0,0,0,-0.0011176470588235296,0.0,-0.00011764705882352962
2024-08-26,-0.011781293392185612,-0.011781293392185612,0.0,0.0,0.0005,0.0,1.0,1.0,0.0,0.0,0,0,0,0,-0.0011176470588235296,0.0,-0.00011764705882352962
2024-09-03,-0.007241271081290541,-0.007241271081290541,0.0,0.0,0.0005,0.0,1.0,1.0,0.0,0.0,0,0,0,0,-0.0011176470588235296,0.0,-0.00011764705882352962
2024-09-04,0.0014526821831363414,0.0014526821831363414,0.0,0.0,0.0005,0.0,1.0,1.0,0.0,0.0,0,0,0,0,-0.0011176470588235296,0.0,-0.00011764705882352962
2024-09-05,-0.00653617807205726,-0.00653617807205726,0.0,0.0,0.0005,0.0,1.0,1.0,0.0,0.0,0,0,0,0,-0.0011176470588235296,0.0,-0.00011764705882352962
2024-09-06,-0.01588661219909035,-0.01588661219909035,0.0,0.0,0.0005,0.0,1.0,1.0,0.0,0.0,0,0,0,0,-0.0011176470588235296,0.0,-0.00011764705882352962
2024-09-23,0.0460275454329227,0.0460275454329227,0.0,0.0,0.0005,0.0,1.0,1.0,0.0,0.0,0,0,0,0,-0.0011176470588235296,0.0,-0.00011764705882352962
2024-09-24,0.021624109950204296,0.021624109950204296,0.0,0.0,0.0005,0.0,1.0,1.0,0.0,0.0,0,0,0,0,-0.0011176470588235296,0.0,-0.00011764705882352962
2024-09-25,0.044592099405986255,0.044592099405986255,0.0,0.0,0.0005,0.0,1.0,1.0,0.0,0.0,0,0,0,0,-0.0011176470588235296,0.0,-0.00011764705882352962
2024-09-26,0.04624189961264517,0.04624189961264517,0.0,0.0,0.0005,0.0,1.0,1.0,0.0,0.0,0,0,0,0,-0.0011176470588235296,0.0,-0.00011764705882352962
2024-11-07,-0.009185362965653317,-0.009185362965653317,0.0,0.0,0.0005,0.0,1.0,1.0,0.0,0.0,0,0,0,0,-0.0011176470588235296,0.0,-0.00011764705882352962
2024-11-08,-0.001240151310510876,-0.001240151310510876,0.0,0.0,0.0005,0.0,1.0,1.0,0.0,0.0,0,0,0,0,-0.0011176470588235296,0.0,-0.00011764705882352962
2024-11-11,-0.019772397751860432,-0.019772397751860432,0.0,0.0,0.0005,0.0,1.0,1.0,0.0,0.0,0,0,0,0,-0.0011176470588235296,0.0,-0.00011764705882352962
2024-11-12,0.008534677820255077,0.008534677820255077,0.0,0.0,0.0005,0.0,1.0,1.0,0.0,0.0,0,0,0,0,-0.0011176470588235296,0.0,-0.00011764705882352962
2024-11-13,-0.017610594783133888,-0.017610594783133888,0.0,0.0,0.0005,0.0,1.0,1.0,0.0,0.0,0,0,0,0,-0.0011176470588235296,0.0,-0.00011764705882352962
2024-11-14,-0.02282312144495948,-0.02282312144495948,0.0,0.0,0.0005,0.0,1.0,1.0,0.0,0.0,0,0,0,0,-0.0011176470588235296,0.0,-0.00011764705882352962
2024-11-15,-0.001281590696310871,-0.001281590696310871,0.0,0.0,0.0005,0.0,1.0,1.0,0.0,0.0,0,0,0,0,-0.0011176470588235296,0.0,-0.00011764705882352962
2024-11-18,0.007113199673341481,0.007113199673341481,0.0,0.0,0.0005,0.0,1.0,1.0,0.0,0.0,0,0,0,0,-0.0011176470588235296,0.0,-0.00011764705882352962
2024-11-19,0.0060733517314595226,0.0060733517314595226,0.0,0.0,0.0005,0.0,1.0,1.0,0.0,0.0,0,0,0,0,-0.0011176470588235296,0.0,-0.00011764705882352962
2024-11-20,-0.002446786991956171,-0.002446786991956171,0.0,0.0,0.0005,0.0,1.0,1.0,0.0,0.0,0,0,0,0,-0.0011176470588235296,0.0,-0.00011764705882352962
2024-11-21,-0.03351748498511822,-0.03351748498511822,0.0,0.0,0.0005,0.0,1.0,1.0,0.0,0.0,0,0,0,0,-0.0011176470588235296,0.0,-0.00011764705882352962
2024-11-22,-0.007912210948950059,-0.007912210948950059,0.0,0.0,0.0005,0.0,1.0,1.0,0.0,0.0,0,0,0,0,-0.0011176470588235296,0.0,-0.00011764705882352962
2024-11-25,-0.00023877403504569419,-0.00023877403504569419,0.0,0.0,0.0005,0.0,1.0,1.0,0.0,0.0,0,0,0,0,-0.0011176470588235296,0.0,-0.00011764705882352962
2024-11-26,0.02036911724133439,0.02036911724133439,0.0,0.0,0.0005,0.0,1.0,1.0,0.0,0.0,0,0,0,0,-0.0011176470588235296,0.0,-0.00011764705882352962
2024-11-27,-0.005765586024025547,-0.005765586024025547,0.0,0.0,0.0005,0.0,1.0,1.0,0.0,0.0,0,0,0,0,-0.0011176470588235296,0.0,-0.00011764705882352962
2024-11-28,0.013958668477789765,0.013958668477789765,0.0,0.0,0.0005,0.0,1.0,1.0,0.0,0.0,0,0,0,0,-0.0011176470588235296,0.0,-0.00011764705882352962
2024-11-29,0.011696928595550063,0.011696928595550063,0.0,0.0,0.0005,0.0,1.0,1.0,0.0,0.0,0,0,0,0,-0.0011176470588235296,0.0,-0.00011764705882352962
2024-12-02,-0.0025764474755188118,-0.0025764474755188118,0.0,0.0,0.0005,0.0,1.0,1.0,0.0,0.0,0,0,0,0,-0.0011176470588235296,0.0,-0.00011764705882352962
2024-12-03,-0.00946763274350186,-0.00946763274350186,0.0,0.0,0.0005,0.0,1.0,1.0,0.0,0.0,0,0,0,0,-0.0011176470588235296,0.0,-0.00011764705882352962
2024-12-11,0.005437477947483395,0.005437477947483395,0.0,0.0,0.0005,0.0,1.0,1.0,0.0,0.0,0,0,0,0,-0.0011176470588235296,0.0,-0.00011764705882352962
2024-12-12,-0.030934641926715002,-0.030934641926715002,0.0,0.0,0.0005,0.0,1.0,1.0,0.0,0.0,0,0,0,0,-0.0011176470588235296,0.0,-0.00011764705882352962
